page,image_no,xref,file,section_id,section_title,width,height,bbox
10,1,556,assets/img_xref_556.jpeg,s005,1.1.1 种地的种类,460,211,"(63.96, 465.24, 571.32, 697.92)"
11,1,564,assets/img_xref_564.jpeg,s005,1.1.1 种地的种类,303,285,"(142.08, 67.44, 410.88, 320.28)"
12,1,571,assets/img_xref_571.jpeg,s007,1.1.3 打捆种植,431,405,"(119.28, 69.72, 504.0, 431.28)"
12,2,572,assets/img_xref_572.jpeg,s008,1.1.4 苗圃种植,1548,2048,"(315.72, 510.96, 536.52, 802.92)"
13,1,579,assets/img_xref_579.jpeg,s008,1.1.4 苗圃种植,730,585,"(102.0, 129.24, 521.28, 465.24)"
13,2,580,assets/img_xref_580.jpeg,s008,1.1.4 苗圃种植,345,327,"(182.28, 502.2, 441.0, 747.48)"
17,1,607,assets/img_xref_607.jpeg,s018,1.2.2 跑商的前置准备,897,619,"(93.0, 68.4, 530.4, 370.2)"
17,2,608,assets/img_xref_608.jpeg,s018,1.2.2 跑商的前置准备,895,617,"(90.6, 410.04, 532.8, 714.84)"
18,1,613,assets/img_xref_613.jpeg,s018,1.2.2 跑商的前置准备,241,639,"(154.08, 69.36, 290.64, 431.64)"
18,2,614,assets/img_xref_614.jpeg,s018,1.2.2 跑商的前置准备,238,483,"(290.76, 69.36, 469.32, 431.64)"
18,3,615,assets/img_xref_615.jpeg,s018,1.2.2 跑商的前置准备,246,406,"(173.16, 476.16, 334.32, 742.32)"
18,4,616,assets/img_xref_616.jpeg,s018,1.2.2 跑商的前置准备,223,512,"(334.32, 476.16, 450.24, 742.32)"
19,1,621,assets/img_xref_621.jpeg,s018,1.2.2 跑商的前置准备,247,296,"(205.08, 99.36, 418.08, 354.72)"
19,2,622,assets/img_xref_622.jpeg,s018,1.2.2 跑商的前置准备,241,405,"(211.2, 424.8, 412.08, 762.48)"
20,1,627,assets/img_xref_627.jpeg,s018,1.2.2 跑商的前置准备,246,463,"(122.16, 100.2, 306.72, 447.48)"
20,2,628,assets/img_xref_628.jpeg,s018,1.2.2 跑商的前置准备,248,443,"(306.72, 100.2, 501.12, 447.36)"
20,3,629,assets/img_xref_629.jpeg,s018,1.2.2 跑商的前置准备,252,158,"(110.76, 487.56, 299.76, 606.12)"
20,4,630,assets/img_xref_630.jpeg,s018,1.2.2 跑商的前置准备,246,137,"(299.76, 487.68, 512.52, 606.12)"
21,1,636,assets/img_xref_636.jpeg,s019,1.2.3 跑商对于时间的要求,504,808,"(136.68, 63.6, 486.6, 624.6)"
22,1,643,assets/img_xref_643.jpeg,s019,1.2.3 跑商对于时间的要求,460,346,"(139.2, 128.52, 484.2, 388.08)"
23,1,649,assets/img_xref_649.jpeg,s020,1.2.4 怎么跑陆商,960,1219,"(63.96, 66.36, 587.28, 730.92)"
25,1,662,assets/img_xref_662.jpeg,s026,普通货：,371,351,"(206.76, 221.4, 416.52, 419.76)"
25,2,663,assets/img_xref_663.jpeg,s027,星星货：,371,364,"(210.6, 549.0, 412.8, 747.36)"
26,1,671,assets/img_xref_671.jpeg,s028,住民货：,885,527,"(63.96, 219.48, 587.28, 531.12)"
27,1,677,assets/img_xref_677.jpeg,s029,肥料货：,801,625,"(152.28, 126.12, 470.88, 374.76)"
27,2,678,assets/img_xref_678.jpeg,s030,债券货：,376,363,"(193.44, 534.12, 429.84, 762.36)"
28,1,685,assets/img_xref_685.jpeg,s031,发酵货：,341,341,"(74.52, 193.2, 313.8, 432.48)"
28,2,686,assets/img_xref_686.jpeg,s031,发酵货：,340,346,"(313.8, 193.2, 548.88, 432.36)"
28,3,687,assets/img_xref_687.jpeg,s031,发酵货：,356,344,"(178.2, 441.24, 445.2, 699.24)"
30,1,697,assets/img_xref_697.jpeg,s032,1.2.8 跑商货率的查看与变化,296,502,"(63.96, 132.48, 200.64, 364.44)"
30,2,698,assets/img_xref_698.jpeg,s032,1.2.8 跑商货率的查看与变化,292,510,"(63.96, 375.96, 266.28, 729.24)"
31,1,704,assets/img_xref_704.jpeg,s032,1.2.8 跑商货率的查看与变化,740,536,"(109.08, 95.88, 514.32, 389.4)"
31,2,705,assets/img_xref_705.jpeg,s032,1.2.8 跑商货率的查看与变化,671,471,"(72.84, 394.8, 550.56, 730.08)"
32,1,710,assets/img_xref_710.jpeg,s032,1.2.8 跑商货率的查看与变化,448,346,"(143.64, 253.32, 479.64, 512.88)"
33,1,716,assets/img_xref_716.jpeg,s034,西大陆,1600,900,"(63.96, 126.6, 587.28, 420.96)"
33,2,717,assets/img_xref_717.jpeg,s034,西大陆,1600,900,"(63.96, 454.2, 587.28, 748.56)"
34,1,723,assets/img_xref_723.jpeg,s034,西大陆,1600,900,"(63.96, 95.4, 587.28, 389.76)"
34,2,724,assets/img_xref_724.jpeg,s034,西大陆,1600,900,"(63.96, 423.0, 587.28, 717.36)"
35,1,729,assets/img_xref_729.jpeg,s034,西大陆,1600,900,"(63.96, 64.2, 587.28, 358.56)"
35,2,730,assets/img_xref_730.jpeg,s034,西大陆,1600,900,"(63.96, 391.8, 587.28, 686.16)"
36,1,735,assets/img_xref_735.jpeg,s035,东大陆,1600,900,"(63.96, 126.6, 587.28, 420.96)"
36,2,736,assets/img_xref_736.jpeg,s035,东大陆,1600,900,"(63.96, 454.2, 587.28, 748.56)"
37,1,742,assets/img_xref_742.jpeg,s035,东大陆,1600,900,"(63.96, 95.4, 587.28, 389.76)"
37,2,743,assets/img_xref_743.jpeg,s035,东大陆,1600,900,"(63.96, 423.0, 587.28, 717.36)"
38,1,748,assets/img_xref_748.jpeg,s035,东大陆,1600,900,"(63.96, 95.4, 587.28, 389.76)"
38,2,749,assets/img_xref_749.jpeg,s035,东大陆,1600,900,"(63.96, 423.0, 587.28, 717.36)"
39,1,754,assets/img_xref_754.jpeg,s035,东大陆,1600,900,"(63.96, 95.4, 587.28, 389.76)"
39,2,755,assets/img_xref_755.jpeg,s035,东大陆,1600,900,"(63.96, 423.0, 587.28, 717.36)"
40,1,760,assets/img_xref_760.jpeg,s035,东大陆,1600,900,"(63.96, 95.4, 587.28, 389.76)"
41,1,765,assets/img_xref_765.jpeg,s036,1.2.10 作者公会商团房子位置,1920,1080,"(69.72, 129.96, 553.44, 402.12)"
41,2,766,assets/img_xref_766.jpeg,s036,1.2.10 作者公会商团房子位置,1920,1080,"(69.72, 441.96, 553.44, 714.12)"
47,1,806,assets/img_xref_806.jpeg,s046,事前准备,354,361,"(197.76, 189.0, 425.4, 421.2)"
47,2,807,assets/img_xref_807.jpeg,s046,事前准备,592,624,"(180.24, 486.36, 443.04, 763.32)"
48,1,814,assets/img_xref_814.jpeg,s047,打捞宝箱,529,414,"(113.28, 188.76, 510.0, 499.32)"
49,1,820,assets/img_xref_820.jpeg,s047,打捞宝箱,238,248,"(222.36, 63.84, 400.92, 249.84)"
49,2,821,assets/img_xref_821.jpeg,s048,打捞沉船,648,199,"(68.64, 597.0, 554.64, 746.4)"
50,1,827,assets/img_xref_827.jpeg,s048,打捞沉船,218,185,"(170.28, 99.24, 453.12, 339.24)"
50,2,828,assets/img_xref_828.jpeg,s048,打捞沉船,1600,900,"(63.96, 407.4, 587.28, 701.76)"
51,1,833,assets/img_xref_833.jpeg,s048,打捞沉船,1525,858,"(63.96, 95.16, 560.76, 374.52)"
51,2,834,assets/img_xref_834.jpeg,s048,打捞沉船,1600,900,"(63.96, 407.4, 587.28, 701.76)"
52,1,839,assets/img_xref_839.jpeg,s048,打捞沉船,1047,828,"(123.48, 132.84, 499.8, 430.44)"
52,2,840,assets/img_xref_840.jpeg,s048,打捞沉船,1600,900,"(63.96, 469.8, 587.28, 764.16)"
53,1,845,assets/img_xref_845.jpeg,s048,打捞沉船,1600,900,"(63.96, 157.8, 587.28, 452.16)"
53,2,846,assets/img_xref_846.jpeg,s048,打捞沉船,1600,900,"(63.96, 454.2, 587.28, 748.56)"
54,1,851,assets/img_xref_851.jpeg,s048,打捞沉船,1600,900,"(63.96, 126.6, 587.28, 420.96)"
54,2,852,assets/img_xref_852.jpeg,s048,打捞沉船,1514,852,"(64.68, 486.0, 558.48, 763.8)"
55,1,857,assets/img_xref_857.jpeg,s048,打捞沉船,1600,900,"(63.96, 189.0, 587.28, 483.36)"
56,1,862,assets/img_xref_862.jpeg,s049,资源点位（转载）,942,571,"(63.96, 99.6, 587.28, 416.76)"
56,2,863,assets/img_xref_863.jpeg,s049,资源点位（转载）,942,571,"(36.0, 427.2, 559.32, 744.36)"
57,1,869,assets/img_xref_869.jpeg,s049,资源点位（转载）,942,571,"(36.0, 68.4, 559.32, 385.56)"
57,2,870,assets/img_xref_870.jpeg,s049,资源点位（转载）,942,571,"(36.0, 396.0, 559.32, 713.16)"
58,1,875,assets/img_xref_875.jpeg,s049,资源点位（转载）,942,571,"(36.0, 68.4, 559.32, 385.56)"
58,2,876,assets/img_xref_876.jpeg,s049,资源点位（转载）,942,571,"(36.0, 396.0, 559.32, 713.16)"
59,1,881,assets/img_xref_881.jpeg,s049,资源点位（转载）,942,571,"(36.0, 68.4, 559.32, 385.56)"
59,2,882,assets/img_xref_882.jpeg,s049,资源点位（转载）,942,571,"(36.0, 396.0, 559.32, 713.16)"
60,1,887,assets/img_xref_887.jpeg,s049,资源点位（转载）,942,571,"(36.0, 68.4, 559.32, 385.56)"
60,2,888,assets/img_xref_888.jpeg,s049,资源点位（转载）,942,571,"(36.0, 396.0, 559.32, 713.16)"
61,1,893,assets/img_xref_893.jpeg,s051,开启每日流程,1139,735,"(63.96, 190.8, 587.28, 528.48)"
61,2,894,assets/img_xref_894.jpeg,s051,开启每日流程,420,504,"(243.0, 597.0, 380.4, 762.0)"
62,1,902,assets/img_xref_902.jpeg,s052,走私品材料获取,392,316,"(108.84, 219.6, 514.44, 546.6)"
63,1,908,assets/img_xref_908.jpeg,s052,走私品材料获取,386,366,"(182.04, 65.04, 441.24, 311.04)"
63,2,909,assets/img_xref_909.jpeg,s053,走私品的制备,382,308,"(153.12, 504.84, 470.16, 760.44)"
64,1,915,assets/img_xref_915.jpeg,s053,走私品的制备,1461,471,"(73.32, 158.04, 550.08, 311.64)"
64,2,916,assets/img_xref_916.jpeg,s053,走私品的制备,1432,805,"(78.0, 345.24, 545.4, 608.16)"
64,3,917,assets/img_xref_917.jpeg,s053,走私品的制备,399,116,"(63.96, 675.0, 363.24, 762.0)"
65,1,922,assets/img_xref_922.jpeg,s054,走私品的收益,449,585,"(129.24, 257.28, 465.96, 696.0)"
66,1,928,assets/img_xref_928.jpeg,s054,走私品的收益,448,585,"(129.6, 101.28, 465.6, 540.0)"
67,1,933,assets/img_xref_933.jpeg,s057,1.3.2  钓鱼的前置准备,249,723,"(104.64, 483.6, 200.16, 761.16)"
67,2,934,assets/img_xref_934.jpeg,s057,1.3.2  钓鱼的前置准备,319,278,"(200.16, 483.48, 518.52, 761.04)"
68,1,942,assets/img_xref_942.jpeg,s057,1.3.2  钓鱼的前置准备,238,371,"(146.4, 191.04, 282.6, 403.44)"
68,2,943,assets/img_xref_943.jpeg,s057,1.3.2  钓鱼的前置准备,245,268,"(282.6, 190.92, 477.0, 403.44)"
68,3,944,assets/img_xref_944.jpeg,s057,1.3.2  钓鱼的前置准备,296,200,"(189.6, 409.92, 433.56, 574.56)"
68,4,945,assets/img_xref_945.jpeg,s057,1.3.2  钓鱼的前置准备,321,208,"(166.92, 579.12, 428.28, 748.44)"
69,1,950,assets/img_xref_950.jpeg,s057,1.3.2  钓鱼的前置准备,232,456,"(244.68, 95.4, 378.72, 358.8)"
69,2,951,assets/img_xref_951.jpeg,s057,1.3.2  钓鱼的前置准备,792,628,"(81.96, 396.0, 541.2, 760.2)"
70,1,956,assets/img_xref_956.jpeg,s057,1.3.2  钓鱼的前置准备,586,199,"(65.4, 159.0, 558.0, 326.4)"
70,2,957,assets/img_xref_957.jpeg,s057,1.3.2  钓鱼的前置准备,370,361,"(172.92, 395.88, 450.48, 666.6)"
71,1,962,assets/img_xref_962.jpeg,s057,1.3.2  钓鱼的前置准备,351,293,"(130.8, 68.4, 394.08, 288.12)"
72,1,970,assets/img_xref_970.jpeg,s060,钓大鱼多出以下影响因素,241,144,"(221.28, 219.84, 402.0, 327.84)"
73,1,976,assets/img_xref_976.jpeg,s061,1.3.4 钓小鱼,389,373,"(230.88, 219.84, 392.4, 374.76)"
73,2,977,assets/img_xref_977.jpeg,s062,1.3.5 镜之地冰钓与自由岛高级垂钓,1973,1715,"(256.32, 590.4, 493.08, 796.2)"
74,1,984,assets/img_xref_984.jpeg,s062,1.3.5 镜之地冰钓与自由岛高级垂钓,242,486,"(245.28, 70.44, 377.88, 336.84)"
74,2,985,assets/img_xref_985.jpeg,s062,1.3.5 镜之地冰钓与自由岛高级垂钓,418,363,"(140.88, 379.56, 454.44, 651.84)"
75,1,991,assets/img_xref_991.jpeg,s062,1.3.5 镜之地冰钓与自由岛高级垂钓,544,258,"(127.8, 69.6, 495.6, 243.96)"
75,2,992,assets/img_xref_992.jpeg,s062,1.3.5 镜之地冰钓与自由岛高级垂钓,340,46,"(184.2, 318.96, 439.2, 353.52)"
75,3,993,assets/img_xref_993.jpeg,s062,1.3.5 镜之地冰钓与自由岛高级垂钓,225,110,"(227.28, 489.96, 396.0, 572.52)"
76,1,1000,assets/img_xref_1000.jpeg,s062,1.3.5 镜之地冰钓与自由岛高级垂钓,245,205,"(105.96, 70.2, 289.68, 223.92)"
76,2,1001,assets/img_xref_1001.jpeg,s062,1.3.5 镜之地冰钓与自由岛高级垂钓,414,427,"(63.96, 268.08, 287.16, 497.88)"
76,3,1002,assets/img_xref_1002.jpeg,s062,1.3.5 镜之地冰钓与自由岛高级垂钓,239,273,"(63.96, 506.88, 243.24, 711.6)"
76,4,75_4,assets/page_076_image_04.png,s062,1.3.5 镜之地冰钓与自由岛高级垂钓,48,48,"(0.0, -5.76, 5.76, 0.0)"
77,1,1007,assets/img_xref_1007.jpeg,s063,1.3.6 钓淡水大鱼,767,418,"(63.96, 162.48, 587.28, 447.72)"
77,2,1008,assets/img_xref_1008.jpeg,s063,1.3.6 钓淡水大鱼,238,102,"(181.92, 491.28, 441.48, 602.52)"
77,3,1009,assets/img_xref_1009.jpeg,s063,1.3.6 钓淡水大鱼,226,86,"(63.96, 647.4, 355.56, 758.4)"
78,1,1015,assets/img_xref_1015.jpeg,s063,1.3.6 钓淡水大鱼,671,611,"(173.76, 101.4, 449.64, 352.56)"
78,2,1016,assets/img_xref_1016.jpeg,s063,1.3.6 钓淡水大鱼,494,476,"(181.8, 515.76, 441.36, 765.24)"
79,1,1021,assets/img_xref_1021.jpeg,s063,1.3.6 钓淡水大鱼,537,631,"(149.4, 98.76, 474.0, 480.12)"
79,2,1022,assets/img_xref_1022.jpeg,s063,1.3.6 钓淡水大鱼,347,336,"(37.8, 489.0, 298.08, 741.0)"
80,1,1027,assets/img_xref_1027.jpeg,s063,1.3.6 钓淡水大鱼,1558,675,"(63.96, 98.16, 587.28, 324.84)"
80,2,1028,assets/img_xref_1028.jpeg,s063,1.3.6 钓淡水大鱼,501,264,"(194.4, 391.44, 429.0, 515.04)"
80,3,1029,assets/img_xref_1029.jpeg,s063,1.3.6 钓淡水大鱼,400,245,"(171.6, 546.84, 451.8, 718.44)"
81,1,1034,assets/img_xref_1034.jpeg,s063,1.3.6 钓淡水大鱼,166,137,"(222.24, 67.44, 401.04, 215.04)"
81,2,1035,assets/img_xref_1035.jpeg,s063,1.3.6 钓淡水大鱼,408,302,"(184.44, 257.76, 438.84, 446.04)"
81,3,1036,assets/img_xref_1036.jpeg,s063,1.3.6 钓淡水大鱼,334,299,"(195.36, 489.6, 427.92, 697.8)"
82,1,1042,assets/img_xref_1042.jpeg,s063,1.3.6 钓淡水大鱼,338,226,"(184.92, 64.32, 438.48, 233.88)"
82,2,1043,assets/img_xref_1043.jpeg,s063,1.3.6 钓淡水大鱼,412,344,"(186.96, 271.2, 436.32, 479.4)"
82,3,1044,assets/img_xref_1044.jpeg,s063,1.3.6 钓淡水大鱼,410,291,"(157.92, 515.76, 465.48, 734.04)"
83,1,1049,assets/img_xref_1049.jpeg,s063,1.3.6 钓淡水大鱼,332,282,"(187.2, 66.72, 436.2, 278.28)"
83,2,1050,assets/img_xref_1050.jpeg,s064,1.3.7 钓海水大鱼,135,133,"(63.96, 379.92, 165.24, 479.64)"
83,3,1051,assets/img_xref_1051.jpeg,s064,1.3.7 钓海水大鱼,1490,805,"(63.96, 485.4, 551.4, 748.8)"
84,1,1008,assets/img_xref_1008.jpeg,s064,1.3.7 钓海水大鱼,238,102,"(195.96, 130.68, 427.44, 229.92)"
84,2,1009,assets/img_xref_1009.jpeg,s064,1.3.7 钓海水大鱼,226,86,"(181.32, 271.08, 442.08, 370.32)"
84,3,1015,assets/img_xref_1015.jpeg,s064,1.3.7 钓海水大鱼,671,611,"(118.56, 410.04, 504.72, 761.64)"
85,1,1061,assets/img_xref_1061.jpeg,s064,1.3.7 钓海水大鱼,789,620,"(84.6, 220.2, 538.8, 577.08)"
86,1,1027,assets/img_xref_1027.jpeg,s064,1.3.7 钓海水大鱼,1558,675,"(63.96, 66.96, 587.28, 293.64)"
86,2,1066,assets/img_xref_1066.jpeg,s064,1.3.7 钓海水大鱼,480,621,"(144.24, 517.32, 322.56, 748.08)"
86,3,1067,assets/img_xref_1067.jpeg,s064,1.3.7 钓海水大鱼,310,457,"(322.56, 517.32, 479.04, 748.08)"
87,1,1072,assets/img_xref_1072.jpeg,s064,1.3.7 钓海水大鱼,342,328,"(64.8, 65.04, 321.36, 311.04)"
88,1,1077,assets/img_xref_1077.jpeg,s065,1.3.8 新版本渔船的升级（钓鱼必备）,238,613,"(181.2, 161.04, 414.12, 761.04)"
89,1,1083,assets/img_xref_1083.jpeg,s065,1.3.8 新版本渔船的升级（钓鱼必备）,1600,900,"(36.0, 157.8, 559.32, 452.16)"
91,1,1096,assets/img_xref_1096.jpeg,s069,1.4.3 野外挖矿,346,158,"(181.92, 97.56, 441.48, 216.12)"
91,2,1097,assets/img_xref_1097.jpeg,s069,1.4.3 野外挖矿,906,518,"(151.08, 252.24, 472.2, 435.84)"
91,3,1098,assets/img_xref_1098.jpeg,s069,1.4.3 野外挖矿,573,366,"(118.56, 470.4, 504.6, 717.0)"
92,1,1103,assets/img_xref_1103.jpeg,s069,1.4.3 野外挖矿,407,323,"(86.4, 63.84, 537.0, 421.44)"
92,2,1104,assets/img_xref_1104.jpeg,s069,1.4.3 野外挖矿,515,273,"(90.36, 460.8, 532.92, 695.4)"
93,1,1109,assets/img_xref_1109.jpeg,s069,1.4.3 野外挖矿,378,394,"(184.8, 63.6, 438.48, 327.96)"
93,2,1110,assets/img_xref_1110.jpeg,s069,1.4.3 野外挖矿,360,586,"(198.24, 393.36, 425.04, 762.6)"
94,1,1115,assets/img_xref_1115.jpeg,s069,1.4.3 野外挖矿,434,454,"(178.68, 126.96, 444.6, 405.24)"
94,2,1116,assets/img_xref_1116.jpeg,s069,1.4.3 野外挖矿,238,260,"(63.96, 502.92, 230.04, 684.36)"
94,3,1117,assets/img_xref_1117.jpeg,s069,1.4.3 野外挖矿,244,273,"(230.04, 502.92, 392.16, 684.36)"
94,4,1118,assets/img_xref_1118.jpeg,s069,1.4.3 野外挖矿,250,275,"(392.16, 502.92, 557.04, 684.36)"
95,1,1123,assets/img_xref_1123.jpeg,s069,1.4.3 野外挖矿,350,238,"(180.36, 98.76, 442.92, 277.32)"
95,2,1124,assets/img_xref_1124.jpeg,s070,1.4.4 矿脉农场采矿,571,803,"(197.04, 409.08, 426.24, 731.4)"
96,1,1130,assets/img_xref_1130.jpeg,s071,1.4.5 大小矿机采矿,239,476,"(130.2, 251.4, 309.48, 608.4)"
96,2,1131,assets/img_xref_1131.jpeg,s071,1.4.5 大小矿机采矿,245,336,"(309.36, 356.4, 493.08, 608.4)"
97,1,1138,assets/img_xref_1138.jpeg,s072,1.4.6 挖碎星矿,917,556,"(95.28, 64.68, 528.12, 327.12)"
97,2,1139,assets/img_xref_1139.jpeg,s072,1.4.6 挖碎星矿,343,593,"(180.48, 360.0, 414.72, 765.0)"
98,1,1144,assets/img_xref_1144.jpeg,s072,1.4.6 挖碎星矿,242,403,"(138.96, 129.6, 284.16, 371.4)"
98,2,1145,assets/img_xref_1145.jpeg,s072,1.4.6 挖碎星矿,417,504,"(284.16, 129.48, 484.32, 371.4)"
98,3,1146,assets/img_xref_1146.jpeg,s072,1.4.6 挖碎星矿,246,706,"(133.56, 413.88, 253.56, 758.16)"
98,4,1147,assets/img_xref_1147.jpeg,s072,1.4.6 挖碎星矿,246,359,"(253.56, 413.52, 489.72, 758.16)"
99,1,1152,assets/img_xref_1152.jpeg,s072,1.4.6 挖碎星矿,535,448,"(138.24, 128.64, 485.04, 419.04)"
99,2,1153,assets/img_xref_1153.jpeg,s072,1.4.6 挖碎星矿,1600,900,"(63.96, 423.0, 587.28, 717.36)"
100,1,1158,assets/img_xref_1158.jpeg,s073,1.4.7 挖亚纳碎石,759,501,"(112.56, 126.84, 510.84, 389.64)"
100,2,1159,assets/img_xref_1159.jpeg,s073,1.4.7 挖亚纳碎石,462,722,"(202.8, 423.6, 420.48, 763.8)"
101,1,1165,assets/img_xref_1165.jpeg,s073,1.4.7 挖亚纳碎石,833,543,"(110.28, 126.96, 512.88, 389.4)"
101,2,1166,assets/img_xref_1166.jpeg,s073,1.4.7 挖亚纳碎石,505,683,"(187.44, 425.76, 435.84, 761.52)"
102,1,1172,assets/img_xref_1172.jpeg,s076,1.5.2 巡山的收益,245,215,"(219.72, 455.76, 403.44, 617.04)"
104,1,1188,assets/img_xref_1188.jpeg,s081,1.5.7 庭院摘花,245,139,"(76.2, 130.68, 231.6, 229.92)"
104,2,1189,assets/img_xref_1189.jpeg,s081,1.5.7 庭院摘花,243,141,"(231.6, 130.68, 385.8, 229.8)"
104,3,1190,assets/img_xref_1190.jpeg,s081,1.5.7 庭院摘花,246,135,"(385.8, 130.68, 547.2, 229.8)"
104,4,1191,assets/img_xref_1191.jpeg,s081,1.5.7 庭院摘花,246,228,"(243.0, 238.8, 352.44, 340.2)"
104,5,1192,assets/img_xref_1192.jpeg,s081,1.5.7 庭院摘花,938,563,"(99.0, 380.16, 524.4, 635.52)"
105,1,1198,assets/img_xref_1198.jpeg,s083,1.6.1 债券的种类,238,311,"(71.76, 263.76, 250.32, 497.04)"
105,2,1199,assets/img_xref_1199.jpeg,s083,1.6.1 债券的种类,238,314,"(285.0, 177.96, 463.56, 413.52)"
107,1,1215,assets/img_xref_1215.jpeg,s088,1.6.6 住民地区的阶段与分红,558,641,"(123.96, 284.4, 499.32, 715.68)"
108,1,1220,assets/img_xref_1220.jpeg,s088,1.6.6 住民地区的阶段与分红,551,501,"(128.04, 67.92, 495.24, 401.76)"
109,1,1225,assets/img_xref_1225.jpeg,s091,1.7.2 周一跑黑色源晶精华（黑炭）任务,445,332,"(144.72, 482.16, 478.44, 731.16)"
110,1,1233,assets/img_xref_1233.jpeg,s091,1.7.2 周一跑黑色源晶精华（黑炭）任务,401,503,"(63.96, 189.24, 236.16, 405.24)"
110,2,1234,assets/img_xref_1234.jpeg,s091,1.7.2 周一跑黑色源晶精华（黑炭）任务,388,461,"(378.6, 190.44, 559.32, 405.24)"
110,3,1235,assets/img_xref_1235.jpeg,s091,1.7.2 周一跑黑色源晶精华（黑炭）任务,390,505,"(36.0, 411.24, 233.4, 666.84)"
110,4,1236,assets/img_xref_1236.jpeg,s091,1.7.2 周一跑黑色源晶精华（黑炭）任务,403,279,"(233.4, 470.76, 516.6, 666.84)"
111,1,1241,assets/img_xref_1241.jpeg,s091,1.7.2 周一跑黑色源晶精华（黑炭）任务,429,174,"(150.72, 68.16, 472.44, 198.72)"
111,2,1242,assets/img_xref_1242.jpeg,s091,1.7.2 周一跑黑色源晶精华（黑炭）任务,412,119,"(157.2, 237.0, 466.2, 326.28)"
111,3,1243,assets/img_xref_1243.jpeg,s091,1.7.2 周一跑黑色源晶精华（黑炭）任务,243,519,"(235.56, 361.08, 387.6, 685.8)"
112,1,1248,assets/img_xref_1248.jpeg,s092,1.7.3 周二、六出海钓大鱼任务,268,387,"(120.0, 126.72, 321.0, 417.0)"
112,2,1249,assets/img_xref_1249.jpeg,s092,1.7.3 周二、六出海钓大鱼任务,371,393,"(63.96, 516.6, 282.96, 748.56)"
112,3,1250,assets/img_xref_1250.jpeg,s092,1.7.3 周二、六出海钓大鱼任务,380,349,"(282.96, 521.88, 529.92, 748.68)"
113,1,1256,assets/img_xref_1256.jpeg,s092,1.7.3 周二、六出海钓大鱼任务,381,401,"(63.96, 63.72, 285.36, 296.76)"
113,2,1257,assets/img_xref_1257.jpeg,s092,1.7.3 周二、六出海钓大鱼任务,371,349,"(285.36, 63.84, 532.92, 296.76)"
113,3,1258,assets/img_xref_1258.jpeg,s092,1.7.3 周二、六出海钓大鱼任务,376,397,"(63.96, 303.0, 304.32, 556.8)"
113,4,1259,assets/img_xref_1259.jpeg,s092,1.7.3 周二、六出海钓大鱼任务,378,281,"(304.32, 372.12, 552.72, 556.8)"
114,1,1266,assets/img_xref_1266.jpeg,s094,任务流程,584,356,"(70.56, 64.44, 552.84, 358.44)"
114,2,1267,assets/img_xref_1267.jpeg,s094,任务流程,353,330,"(63.96, 391.8, 311.88, 624.0)"
114,3,1268,assets/img_xref_1268.jpeg,s094,任务流程,350,334,"(311.88, 391.8, 554.64, 624.0)"
115,1,1273,assets/img_xref_1273.jpeg,s094,任务流程,353,372,"(81.12, 64.2, 301.68, 296.4)"
115,2,1274,assets/img_xref_1274.jpeg,s094,任务流程,351,339,"(301.8, 64.2, 542.16, 296.4)"
115,3,1275,assets/img_xref_1275.jpeg,s094,任务流程,340,375,"(63.96, 299.4, 300.36, 560.28)"
115,4,1276,assets/img_xref_1276.jpeg,s094,任务流程,350,383,"(300.36, 299.52, 538.8, 560.28)"
116,1,1281,assets/img_xref_1281.jpeg,s094,任务流程,270,195,"(210.36, 130.56, 412.92, 276.84)"
116,2,1282,assets/img_xref_1282.jpeg,s094,任务流程,234,270,"(223.92, 312.96, 399.48, 515.52)"
116,3,1283,assets/img_xref_1283.jpeg,s094,任务流程,243,344,"(63.96, 548.16, 216.36, 763.92)"
116,4,1284,assets/img_xref_1284.jpeg,s094,任务流程,386,114,"(216.36, 678.36, 505.92, 763.92)"
117,1,1289,assets/img_xref_1289.jpeg,s096,鱼币（分类为水产品）兑换道具,1493,836,"(63.96, 283.32, 587.28, 576.36)"
117,2,1290,assets/img_xref_1290.jpeg,s096,鱼币（分类为水产品）兑换道具,799,133,"(63.96, 675.0, 587.28, 762.0)"
118,1,1297,assets/img_xref_1297.jpeg,s096,鱼币（分类为水产品）兑换道具,798,620,"(63.96, 101.76, 587.28, 508.32)"
119,1,1302,assets/img_xref_1302.jpeg,s097,1.7.6 周五前往自由岛跑稳定的龙骨精华任务,360,395,"(63.96, 195.48, 292.92, 446.88)"
119,2,1303,assets/img_xref_1303.jpeg,s097,1.7.6 周五前往自由岛跑稳定的龙骨精华任务,362,394,"(293.04, 194.4, 525.12, 446.88)"
119,3,1304,assets/img_xref_1304.jpeg,s097,1.7.6 周五前往自由岛跑稳定的龙骨精华任务,357,399,"(63.96, 457.44, 294.48, 714.24)"
119,4,1305,assets/img_xref_1305.jpeg,s097,1.7.6 周五前往自由岛跑稳定的龙骨精华任务,350,407,"(294.48, 458.64, 513.84, 714.24)"
120,1,1311,assets/img_xref_1311.jpeg,s097,1.7.6 周五前往自由岛跑稳定的龙骨精华任务,299,140,"(199.56, 65.4, 423.84, 170.4)"
120,2,1312,assets/img_xref_1312.jpeg,s097,1.7.6 周五前往自由岛跑稳定的龙骨精华任务,960,2048,"(168.0, 204.0, 426.6, 755.4)"
121,1,1318,assets/img_xref_1318.jpeg,s098,1.7.7周六跑内陆货任务,531,434,"(36.0, 126.84, 243.0, 296.04)"
121,2,1319,assets/img_xref_1319.jpeg,s098,1.7.7周六跑内陆货任务,115,110,"(36.0, 302.76, 150.6, 412.32)"
122,1,1326,assets/img_xref_1326.jpeg,s100,参与流程,930,553,"(63.96, 188.4, 587.28, 499.56)"
122,2,1327,assets/img_xref_1327.jpeg,s100,参与流程,361,314,"(176.28, 507.12, 447.0, 742.68)"
123,1,1334,assets/img_xref_1334.jpeg,s100,参与流程,239,453,"(241.44, 164.16, 381.84, 430.32)"
123,2,1335,assets/img_xref_1335.jpeg,s100,参与流程,608,773,"(203.16, 471.36, 420.0, 747.12)"
124,1,1340,assets/img_xref_1340.jpeg,s101,幻想岛钓鱼币兑换道具,1407,794,"(63.96, 219.84, 587.28, 515.16)"
125,1,1346,assets/img_xref_1346.jpeg,s103,1.8.1 什么是仙境,430,358,"(45.24, 210.24, 367.8, 478.8)"
125,2,1347,assets/img_xref_1347.jpeg,s103,1.8.1 什么是仙境,243,366,"(367.8, 204.24, 550.08, 478.8)"
126,1,1355,assets/img_xref_1355.jpeg,s104,1.8.2  仙境的收益,771,748,"(63.96, 66.84, 587.28, 574.56)"
127,1,1361,assets/img_xref_1361.jpeg,s105,1.8.3 仙境门票任务,178,351,"(240.36, 70.8, 383.04, 352.08)"
127,2,1362,assets/img_xref_1362.jpeg,s105,1.8.3 仙境门票任务,682,501,"(77.28, 398.04, 546.12, 742.44)"
128,1,1367,assets/img_xref_1367.jpeg,s105,1.8.3 仙境门票任务,243,354,"(220.56, 102.12, 402.84, 367.68)"
128,2,1368,assets/img_xref_1368.jpeg,s105,1.8.3 仙境门票任务,452,413,"(90.84, 526.8, 345.0, 759.0)"
128,3,1369,assets/img_xref_1369.jpeg,s105,1.8.3 仙境门票任务,250,337,"(345.0, 506.28, 532.56, 759.0)"
129,1,1374,assets/img_xref_1374.jpeg,s105,1.8.3 仙境门票任务,405,357,"(165.36, 222.96, 457.92, 480.84)"
129,2,1375,assets/img_xref_1375.jpeg,s105,1.8.3 仙境门票任务,835,564,"(176.04, 579.96, 447.24, 763.32)"
130,1,1380,assets/img_xref_1380.jpeg,s105,1.8.3 仙境门票任务,277,300,"(207.72, 99.0, 415.44, 324.0)"
130,2,1381,assets/img_xref_1381.jpeg,s105,1.8.3 仙境门票任务,1600,900,"(63.96, 454.2, 587.28, 748.56)"
131,1,1386,assets/img_xref_1386.jpeg,s105,1.8.3 仙境门票任务,470,760,"(221.16, 96.24, 402.24, 389.04)"
131,2,1387,assets/img_xref_1387.jpeg,s105,1.8.3 仙境门票任务,476,435,"(83.76, 489.24, 380.52, 760.44)"
131,3,1388,assets/img_xref_1388.jpeg,s105,1.8.3 仙境门票任务,305,520,"(380.52, 489.24, 539.64, 760.56)"
132,1,1393,assets/img_xref_1393.jpeg,s105,1.8.3 仙境门票任务,1600,900,"(63.96, 95.4, 587.28, 389.76)"
133,1,1399,assets/img_xref_1399.jpeg,s106,1.8.4 仙境购买任务（2阶段任务）,792,626,"(104.76, 63.6, 518.52, 390.6)"
133,2,1400,assets/img_xref_1400.jpeg,s106,1.8.4 仙境购买任务（2阶段任务）,236,530,"(237.72, 396.36, 385.56, 728.52)"
137,1,1421,assets/img_xref_1421.jpeg,s110,1.9.3 随身保管箱可装入物品展示,250,433,"(85.92, 75.6, 273.48, 400.32)"
137,2,1422,assets/img_xref_1422.jpeg,s110,1.9.3 随身保管箱可装入物品展示,503,631,"(273.48, 69.36, 537.36, 400.44)"
137,3,1423,assets/img_xref_1423.jpeg,s110,1.9.3 随身保管箱可装入物品展示,240,335,"(72.24, 445.56, 252.24, 696.84)"
137,4,1424,assets/img_xref_1424.jpeg,s110,1.9.3 随身保管箱可装入物品展示,513,488,"(252.24, 412.56, 551.04, 696.72)"
138,1,1429,assets/img_xref_1429.jpeg,s110,1.9.3 随身保管箱可装入物品展示,247,411,"(81.0, 96.0, 266.28, 404.28)"
138,2,1430,assets/img_xref_1430.jpeg,s110,1.9.3 随身保管箱可装入物品展示,509,625,"(266.28, 65.4, 542.28, 404.28)"
138,3,1431,assets/img_xref_1431.jpeg,s110,1.9.3 随身保管箱可装入物品展示,249,447,"(78.48, 414.0, 265.2, 749.28)"
138,4,1432,assets/img_xref_1432.jpeg,s110,1.9.3 随身保管箱可装入物品展示,511,626,"(265.2, 406.8, 544.8, 749.28)"
139,1,1437,assets/img_xref_1437.jpeg,s110,1.9.3 随身保管箱可装入物品展示,245,275,"(106.92, 146.76, 290.64, 353.04)"
139,2,1438,assets/img_xref_1438.jpeg,s110,1.9.3 随身保管箱可装入物品展示,503,631,"(290.76, 69.96, 516.36, 352.92)"
139,3,1439,assets/img_xref_1439.jpeg,s110,1.9.3 随身保管箱可装入物品展示,248,313,"(68.76, 367.08, 254.76, 601.8)"
139,4,1440,assets/img_xref_1440.jpeg,s110,1.9.3 随身保管箱可装入物品展示,505,390,"(254.76, 370.2, 554.64, 601.8)"
140,1,1445,assets/img_xref_1445.jpeg,s110,1.9.3 随身保管箱可装入物品展示,243,551,"(104.76, 69.24, 250.8, 400.44)"
140,2,1446,assets/img_xref_1446.jpeg,s110,1.9.3 随身保管箱可装入物品展示,506,626,"(250.8, 69.36, 518.4, 400.44)"
140,3,1447,assets/img_xref_1447.jpeg,s110,1.9.3 随身保管箱可装入物品展示,251,331,"(71.64, 481.08, 274.92, 749.04)"
140,4,1448,assets/img_xref_1448.jpeg,s110,1.9.3 随身保管箱可装入物品展示,506,625,"(274.8, 407.04, 551.64, 749.04)"
141,1,1453,assets/img_xref_1453.jpeg,s110,1.9.3 随身保管箱可装入物品展示,246,565,"(78.48, 64.32, 247.32, 452.04)"
141,2,1454,assets/img_xref_1454.jpeg,s110,1.9.3 随身保管箱可装入物品展示,513,629,"(247.2, 87.12, 544.8, 452.04)"
141,3,1455,assets/img_xref_1455.jpeg,s110,1.9.3 随身保管箱可装入物品展示,241,365,"(69.12, 456.72, 249.84, 730.44)"
141,4,1456,assets/img_xref_1456.jpeg,s110,1.9.3 随身保管箱可装入物品展示,514,400,"(249.96, 493.8, 554.16, 730.56)"
142,1,1462,assets/img_xref_1462.jpeg,s110,1.9.3 随身保管箱可装入物品展示,248,357,"(78.6, 147.84, 264.6, 415.56)"
142,2,1463,assets/img_xref_1463.jpeg,s110,1.9.3 随身保管箱可装入物品展示,504,622,"(264.6, 69.72, 544.8, 415.56)"
142,3,1464,assets/img_xref_1464.jpeg,s110,1.9.3 随身保管箱可装入物品展示,251,321,"(68.16, 473.04, 256.44, 713.76)"
142,4,1465,assets/img_xref_1465.jpeg,s110,1.9.3 随身保管箱可装入物品展示,509,489,"(256.32, 426.72, 555.12, 713.88)"
143,1,1470,assets/img_xref_1470.jpeg,s110,1.9.3 随身保管箱可装入物品展示,241,386,"(83.52, 66.72, 264.24, 356.28)"
143,2,1471,assets/img_xref_1471.jpeg,s110,1.9.3 随身保管箱可装入物品展示,509,388,"(264.36, 146.16, 539.76, 356.16)"
143,3,1472,assets/img_xref_1472.jpeg,s110,1.9.3 随身保管箱可装入物品展示,244,273,"(72.84, 366.48, 255.84, 571.2)"
143,4,1473,assets/img_xref_1473.jpeg,s110,1.9.3 随身保管箱可装入物品展示,507,301,"(255.84, 396.36, 550.44, 571.32)"
144,1,1478,assets/img_xref_1478.jpeg,s110,1.9.3 随身保管箱可装入物品展示,250,414,"(69.96, 123.24, 257.52, 433.8)"
144,2,1479,assets/img_xref_1479.jpeg,s110,1.9.3 随身保管箱可装入物品展示,502,622,"(257.52, 67.2, 553.32, 433.68)"
144,3,1480,assets/img_xref_1480.jpeg,s110,1.9.3 随身保管箱可装入物品展示,239,375,"(76.56, 445.2, 255.84, 726.48)"
144,4,1481,assets/img_xref_1481.jpeg,s110,1.9.3 随身保管箱可装入物品展示,508,392,"(255.84, 502.08, 546.6, 726.48)"
145,1,1486,assets/img_xref_1486.jpeg,s110,1.9.3 随身保管箱可装入物品展示,248,400,"(67.2, 147.36, 253.2, 447.36)"
145,2,1487,assets/img_xref_1487.jpeg,s110,1.9.3 随身保管箱可装入物品展示,504,629,"(253.2, 69.24, 556.2, 447.36)"
145,3,1488,assets/img_xref_1488.jpeg,s110,1.9.3 随身保管箱可装入物品展示,246,368,"(70.56, 467.52, 255.12, 743.52)"
145,4,1489,assets/img_xref_1489.jpeg,s110,1.9.3 随身保管箱可装入物品展示,511,488,"(255.0, 459.36, 552.6, 743.64)"
146,1,1494,assets/img_xref_1494.jpeg,s110,1.9.3 随身保管箱可装入物品展示,243,337,"(71.16, 100.68, 253.44, 353.4)"
146,2,1495,assets/img_xref_1495.jpeg,s110,1.9.3 随身保管箱可装入物品展示,510,181,"(253.32, 247.44, 552.12, 353.4)"
146,3,1496,assets/img_xref_1496.jpeg,s110,1.9.3 随身保管箱可装入物品展示,232,257,"(63.96, 364.68, 237.96, 557.4)"
146,4,1497,assets/img_xref_1497.jpeg,s110,1.9.3 随身保管箱可装入物品展示,505,221,"(237.96, 436.68, 513.96, 557.4)"
147,1,1502,assets/img_xref_1502.jpeg,s112,1.10.1制作和登记委托,681,636,"(63.96, 236.28, 573.12, 711.84)"
148,1,1509,assets/img_xref_1509.jpeg,s112,1.10.1制作和登记委托,683,640,"(63.96, 68.4, 568.92, 541.68)"
149,1,1514,assets/img_xref_1514.jpeg,s112,1.10.1制作和登记委托,790,628,"(110.4, 67.08, 513.0, 387.12)"
149,2,1515,assets/img_xref_1515.jpeg,s112,1.10.1制作和登记委托,445,570,"(173.4, 393.24, 449.76, 747.24)"
150,1,1520,assets/img_xref_1520.jpeg,s112,1.10.1制作和登记委托,796,668,"(63.96, 101.04, 587.28, 540.24)"
151,1,1526,assets/img_xref_1526.jpeg,s113,1.10.2 接受委托,336,371,"(185.64, 64.56, 437.64, 342.84)"
151,2,1527,assets/img_xref_1527.jpeg,s113,1.10.2 接受委托,790,667,"(99.24, 375.36, 524.04, 733.92)"
152,1,1532,assets/img_xref_1532.jpeg,s113,1.10.2 接受委托,447,538,"(144.0, 95.52, 479.28, 499.08)"
153,1,1537,assets/img_xref_1537.jpeg,s115,1.11.1 蓝颜商会每日任务（生活熟练度达到5W解锁）,374,388,"(196.44, 139.2, 420.84, 372.0)"
153,2,1538,assets/img_xref_1538.jpeg,s115,1.11.1 蓝颜商会每日任务（生活熟练度达到5W解锁）,360,405,"(195.0, 408.6, 422.16, 664.2)"
154,1,1545,assets/img_xref_1545.jpeg,s115,1.11.1 蓝颜商会每日任务（生活熟练度达到5W解锁）,360,368,"(173.64, 65.64, 443.64, 341.64)"
154,2,1546,assets/img_xref_1546.jpeg,s115,1.11.1 蓝颜商会每日任务（生活熟练度达到5W解锁）,380,380,"(166.2, 381.0, 451.2, 666.0)"
155,1,1551,assets/img_xref_1551.jpeg,s116,1.11.2 复活点每日任务,534,378,"(114.0, 157.32, 509.16, 437.04)"
155,2,1552,assets/img_xref_1552.jpeg,s116,1.11.2 复活点每日任务,1600,900,"(63.96, 469.8, 587.28, 764.16)"
156,1,1558,assets/img_xref_1558.jpeg,s117,1.11.3 蓝颜商会的贡品任务,208,202,"(63.96, 408.72, 219.96, 560.28)"
156,2,1559,assets/img_xref_1559.jpeg,s117,1.11.3 蓝颜商会的贡品任务,216,204,"(219.96, 408.6, 380.52, 560.28)"
156,3,1560,assets/img_xref_1560.jpeg,s117,1.11.3 蓝颜商会的贡品任务,214,202,"(380.52, 408.72, 541.08, 560.28)"
156,4,1561,assets/img_xref_1561.jpeg,s117,1.11.3 蓝颜商会的贡品任务,209,201,"(230.28, 565.08, 387.0, 715.8)"
157,1,1567,assets/img_xref_1567.jpeg,s117,1.11.3 蓝颜商会的贡品任务,363,310,"(63.96, 69.36, 305.4, 275.52)"
157,2,1568,assets/img_xref_1568.jpeg,s117,1.11.3 蓝颜商会的贡品任务,368,316,"(305.4, 70.2, 544.68, 275.64)"
157,3,1569,assets/img_xref_1569.jpeg,s118,1.11.4 每日跑商任务（给幸运币）,216,379,"(211.68, 410.4, 411.72, 761.4)"
158,1,1575,assets/img_xref_1575.jpeg,s118,1.11.4 每日跑商任务（给幸运币）,375,354,"(180.0, 95.04, 443.28, 343.56)"
158,2,1576,assets/img_xref_1576.jpeg,s118,1.11.4 每日跑商任务（给幸运币）,362,382,"(175.92, 442.56, 447.48, 729.12)"
159,1,1581,assets/img_xref_1581.jpeg,s118,1.11.4 每日跑商任务（给幸运币）,229,134,"(225.72, 98.76, 397.44, 199.32)"
160,1,1586,assets/img_xref_1586.jpeg,s119,1.11.5 商城兑换幸运币商品,1191,725,"(63.96, 222.96, 564.12, 527.52)"
160,2,1587,assets/img_xref_1587.jpeg,s119,1.11.5 商城兑换幸运币商品,784,260,"(63.96, 566.16, 559.8, 730.44)"
162,1,1601,assets/img_xref_1601.jpeg,s122,1.12.2 妖精管家的刻印,321,571,"(147.48, 67.56, 475.92, 651.84)"
163,1,1607,assets/img_xref_1607.jpeg,s123,1.12.3 妖精管家面板介绍,898,716,"(63.96, 65.16, 587.28, 482.4)"
164,1,1612,assets/img_xref_1612.jpeg,s123,1.12.3 妖精管家面板介绍,255,375,"(83.28, 103.32, 274.56, 384.6)"
164,2,1613,assets/img_xref_1613.jpeg,s123,1.12.3 妖精管家面板介绍,354,420,"(274.56, 69.6, 540.12, 384.6)"
164,3,1614,assets/img_xref_1614.jpeg,s123,1.12.3 妖精管家面板介绍,550,379,"(291.24, 488.28, 581.64, 688.44)"
165,1,1619,assets/img_xref_1619.jpeg,s123,1.12.3 妖精管家面板介绍,550,439,"(105.36, 70.2, 517.92, 399.48)"
165,2,1620,assets/img_xref_1620.jpeg,s123,1.12.3 妖精管家面板介绍,550,438,"(105.36, 413.76, 517.92, 742.32)"
166,1,1625,assets/img_xref_1625.jpeg,s123,1.12.3 妖精管家面板介绍,550,440,"(105.36, 413.04, 517.92, 743.04)"
167,1,1630,assets/img_xref_1630.jpeg,s123,1.12.3 妖精管家面板介绍,338,216,"(184.92, 99.24, 438.48, 261.24)"
167,2,1631,assets/img_xref_1631.jpeg,s123,1.12.3 妖精管家面板介绍,550,437,"(105.36, 367.32, 517.92, 695.04)"
168,1,1636,assets/img_xref_1636.jpeg,s124,1.12.4 妖精管家装备,601,709,"(272.52, 493.8, 553.8, 825.6)"
169,1,1642,assets/img_xref_1642.jpeg,s124,1.12.4 妖精管家装备,785,623,"(63.96, 99.6, 561.96, 494.88)"
169,2,1643,assets/img_xref_1643.jpeg,s124,1.12.4 妖精管家装备,614,430,"(65.76, 569.76, 334.32, 757.92)"
169,3,1644,assets/img_xref_1644.jpeg,s124,1.12.4 妖精管家装备,685,468,"(334.32, 605.52, 557.52, 757.92)"
170,1,1649,assets/img_xref_1649.jpeg,s124,1.12.4 妖精管家装备,243,332,"(220.56, 94.8, 402.84, 343.8)"
170,2,1650,assets/img_xref_1650.jpeg,s124,1.12.4 妖精管家装备,231,563,"(233.04, 378.6, 390.36, 762.0)"
171,1,1655,assets/img_xref_1655.jpeg,s126,1.13.1 怎么进入帕洛斯商店,366,319,"(157.56, 176.04, 465.6, 444.6)"
172,1,1663,assets/img_xref_1663.jpeg,s127,1.13.2 帕洛斯商店内容,592,695,"(144.6, 69.96, 478.68, 462.24)"
175,1,1680,assets/img_xref_1680.jpeg,s133,2.1.3 英雄副本,671,710,"(201.24, 531.48, 422.04, 765.0)"
176,1,1687,assets/img_xref_1687.jpeg,s133,2.1.3 英雄副本,673,711,"(166.44, 96.96, 456.96, 403.92)"
176,2,1688,assets/img_xref_1688.jpeg,s133,2.1.3 英雄副本,671,701,"(161.88, 444.96, 461.4, 757.92)"
177,1,1693,assets/img_xref_1693.jpeg,s133,2.1.3 英雄副本,678,711,"(169.32, 101.16, 453.96, 399.72)"
177,2,1694,assets/img_xref_1694.jpeg,s133,2.1.3 英雄副本,679,716,"(163.2, 444.96, 459.96, 757.92)"
178,1,1699,assets/img_xref_1699.jpeg,s133,2.1.3 英雄副本,681,714,"(162.36, 101.76, 460.8, 414.72)"
178,2,1700,assets/img_xref_1700.jpeg,s133,2.1.3 英雄副本,676,708,"(165.12, 455.76, 458.16, 762.6)"
179,1,1705,assets/img_xref_1705.jpeg,s133,2.1.3 英雄副本,380,180,"(169.2, 97.2, 454.2, 232.2)"
179,2,1706,assets/img_xref_1706.jpeg,s133,2.1.3 英雄副本,668,714,"(63.96, 235.08, 559.8, 765.0)"
180,1,1711,assets/img_xref_1711.jpeg,s133,2.1.3 英雄副本,676,714,"(163.56, 70.56, 459.84, 383.52)"
180,2,1712,assets/img_xref_1712.jpeg,s133,2.1.3 英雄副本,674,705,"(162.0, 398.16, 461.16, 711.12)"
181,1,1717,assets/img_xref_1717.jpeg,s133,2.1.3 英雄副本,457,358,"(140.28, 69.36, 483.0, 337.92)"
181,2,1718,assets/img_xref_1718.jpeg,s133,2.1.3 英雄副本,674,490,"(63.96, 347.52, 569.52, 715.08)"
182,1,1724,assets/img_xref_1724.jpeg,s133,2.1.3 英雄副本,245,227,"(279.6, 465.12, 397.56, 574.32)"
182,2,1725,assets/img_xref_1725.jpeg,s133,2.1.3 英雄副本,243,340,"(403.2, 461.52, 500.28, 597.36)"
182,3,1726,assets/img_xref_1726.jpeg,s133,2.1.3 英雄副本,246,255,"(275.4, 582.36, 378.0, 688.68)"
182,4,1727,assets/img_xref_1727.jpeg,s133,2.1.3 英雄副本,244,205,"(380.4, 596.64, 485.4, 684.84)"
182,5,1728,assets/img_xref_1728.jpeg,s133,2.1.3 英雄副本,250,151,"(278.4, 694.68, 400.8, 768.6)"
182,6,1729,assets/img_xref_1729.jpeg,s133,2.1.3 英雄副本,240,156,"(405.0, 694.92, 518.76, 768.84)"
182,7,1730,assets/img_xref_1730.jpeg,s133,2.1.3 英雄副本,1600,900,"(63.96, 95.4, 587.28, 389.76)"
183,1,1735,assets/img_xref_1735.jpeg,s133,2.1.3 英雄副本,478,228,"(118.44, 157.2, 477.0, 328.2)"
183,2,1736,assets/img_xref_1736.jpeg,s133,2.1.3 英雄副本,247,68,"(204.96, 334.2, 390.24, 385.2)"
183,3,1737,assets/img_xref_1737.jpeg,s133,2.1.3 英雄副本,321,189,"(177.24, 429.12, 417.96, 570.84)"
184,1,1742,assets/img_xref_1742.jpeg,s133,2.1.3 英雄副本,307,141,"(96.6, 189.72, 326.88, 295.44)"
184,2,1743,assets/img_xref_1743.jpeg,s133,2.1.3 英雄副本,229,72,"(326.88, 241.56, 498.6, 295.56)"
186,1,1753,assets/img_xref_1753.jpeg,s134,2.1.4 英雄副本的收益分析,248,398,"(222.0, 473.28, 401.16, 760.8)"
187,1,1758,assets/img_xref_1758.jpeg,s136,伊弗尼尔的黄金圣所,240,314,"(224.04, 533.52, 399.36, 762.84)"
188,1,1767,assets/img_xref_1767.jpeg,s136,伊弗尼尔的黄金圣所,666,447,"(94.8, 97.08, 528.48, 388.08)"
188,2,1768,assets/img_xref_1768.jpeg,s137,诺尔耶无限大战,248,384,"(63.96, 547.8, 203.76, 764.28)"
188,3,1769,assets/img_xref_1769.jpeg,s137,诺尔耶无限大战,246,319,"(203.76, 547.8, 370.8, 764.4)"
189,1,1775,assets/img_xref_1775.jpeg,s137,诺尔耶无限大战,1600,900,"(63.96, 157.8, 587.28, 452.16)"
192,1,1791,assets/img_xref_1791.jpeg,s142,①红龙（RD）,236,501,"(63.96, 473.76, 191.64, 744.84)"
192,2,1792,assets/img_xref_1792.jpeg,s142,①红龙（RD）,288,272,"(191.76, 473.88, 478.68, 744.84)"
194,1,1804,assets/img_xref_1804.jpeg,s143,②卡杜姆（kadum）,239,326,"(63.96, 98.04, 230.16, 324.84)"
194,2,1805,assets/img_xref_1805.jpeg,s143,②卡杜姆（kadum）,235,402,"(230.28, 98.04, 362.88, 324.84)"
195,1,1705,assets/img_xref_1705.jpeg,s145,2.1.8 势力对决（黄金）,380,180,"(82.8, 284.76, 357.6, 414.96)"
195,2,1810,assets/img_xref_1810.jpeg,s145,2.1.8 势力对决（黄金）,555,587,"(102.0, 422.16, 422.88, 761.16)"
196,1,1817,assets/img_xref_1817.jpeg,s145,2.1.8 势力对决（黄金）,675,706,"(144.24, 67.56, 479.04, 417.84)"
197,1,1822,assets/img_xref_1822.jpeg,s145,2.1.8 势力对决（黄金）,859,545,"(98.28, 68.28, 525.0, 339.0)"
197,2,1823,assets/img_xref_1823.jpeg,s145,2.1.8 势力对决（黄金）,862,543,"(95.52, 379.56, 527.64, 651.84)"
198,1,1828,assets/img_xref_1828.jpeg,s145,2.1.8 势力对决（黄金）,279,557,"(66.36, 66.72, 242.52, 418.44)"
198,2,1829,assets/img_xref_1829.jpeg,s145,2.1.8 势力对决（黄金）,382,393,"(242.4, 123.72, 528.96, 418.44)"
200,1,1839,assets/img_xref_1839.jpeg,s148,海战,677,703,"(43.8, 220.8, 551.52, 748.08)"
201,1,1846,assets/img_xref_1846.jpeg,s148,海战,540,627,"(95.16, 101.16, 500.16, 571.44)"
202,1,1852,assets/img_xref_1852.jpeg,s148,海战,379,413,"(155.52, 64.32, 439.8, 374.04)"
202,2,1853,assets/img_xref_1853.jpeg,s148,海战,238,228,"(36.0, 474.96, 214.56, 645.96)"
203,1,1858,assets/img_xref_1858.jpeg,s149,兑换海战币道具,1600,900,"(36.0, 251.4, 559.32, 545.76)"
204,1,1864,assets/img_xref_1864.jpeg,s149,兑换海战币道具,831,635,"(99.84, 68.04, 495.6, 370.44)"
204,2,1865,assets/img_xref_1865.jpeg,s149,兑换海战币道具,789,575,"(36.0, 380.4, 556.02, 759.54)"
207,1,1882,assets/img_xref_1882.jpeg,s155,2.2.5 克拉肯（kraken）,358,368,"(177.36, 315.24, 445.92, 591.24)"
208,1,1889,assets/img_xref_1889.jpeg,s156,2.2.6魔法机甲兵器（大甲虫）与安琪仕,392,430,"(63.96, 188.28, 348.0, 499.8)"
208,2,1890,assets/img_xref_1890.jpeg,s156,2.2.6魔法机甲兵器（大甲虫）与安琪仕,676,164,"(74.16, 535.92, 549.12, 651.36)"
209,1,1896,assets/img_xref_1896.jpeg,s156,2.2.6魔法机甲兵器（大甲虫）与安琪仕,394,444,"(66.96, 63.84, 315.12, 343.44)"
209,2,1897,assets/img_xref_1897.jpeg,s156,2.2.6魔法机甲兵器（大甲虫）与安琪仕,290,133,"(315.0, 232.92, 556.32, 343.44)"
209,3,1898,assets/img_xref_1898.jpeg,s156,2.2.6魔法机甲兵器（大甲虫）与安琪仕,241,233,"(181.8, 382.2, 441.6, 633.36)"
210,1,1903,assets/img_xref_1903.jpeg,s156,2.2.6魔法机甲兵器（大甲虫）与安琪仕,274,629,"(63.96, 67.92, 229.92, 448.56)"
210,2,1904,assets/img_xref_1904.jpeg,s156,2.2.6魔法机甲兵器（大甲虫）与安琪仕,331,268,"(230.04, 201.96, 534.6, 448.56)"
210,3,1905,assets/img_xref_1905.jpeg,s156,2.2.6魔法机甲兵器（大甲虫）与安琪仕,328,328,"(63.96, 457.08, 306.0, 699.12)"
210,4,1906,assets/img_xref_1906.jpeg,s156,2.2.6魔法机甲兵器（大甲虫）与安琪仕,322,310,"(306.0, 467.4, 546.6, 699.0)"
211,1,1911,assets/img_xref_1911.jpeg,s156,2.2.6魔法机甲兵器（大甲虫）与安琪仕,329,266,"(63.96, 135.96, 263.28, 296.64)"
211,2,1912,assets/img_xref_1912.jpeg,s156,2.2.6魔法机甲兵器（大甲虫）与安琪仕,325,384,"(263.4, 63.96, 460.08, 296.64)"
211,3,1913,assets/img_xref_1913.jpeg,s156,2.2.6魔法机甲兵器（大甲虫）与安琪仕,1914,1046,"(63.96, 302.52, 587.28, 588.48)"
214,1,1932,assets/img_xref_1932.jpeg,s162,2.2.12 美杜莎、格蓝与蕾娜（JMG）,1467,825,"(63.96, 131.04, 543.96, 401.04)"
214,2,1933,assets/img_xref_1933.jpeg,s162,2.2.12 美杜莎、格蓝与蕾娜（JMG）,409,274,"(158.28, 444.12, 465.0, 649.68)"
215,1,1938,assets/img_xref_1938.jpeg,s162,2.2.12 美杜莎、格蓝与蕾娜（JMG）,1600,900,"(63.96, 64.2, 587.28, 358.56)"
215,2,1939,assets/img_xref_1939.jpeg,s163,2.2.13 神之庭院战争BOSS,286,77,"(204.36, 517.92, 418.92, 575.64)"
216,1,1945,assets/img_xref_1945.jpeg,s163,2.2.13 神之庭院战争BOSS,296,213,"(200.64, 69.12, 422.64, 228.84)"
216,2,1946,assets/img_xref_1946.jpeg,s163,2.2.13 神之庭院战争BOSS,1600,900,"(63.96, 235.8, 587.28, 530.16)"
216,3,1947,assets/img_xref_1947.jpeg,s163,2.2.13 神之庭院战争BOSS,579,161,"(94.56, 533.28, 528.84, 654.0)"
217,1,1952,assets/img_xref_1952.jpeg,s164,2.2.14 纳扎尔,300,300,"(199.2, 130.2, 424.2, 355.2)"
217,2,1953,assets/img_xref_1953.jpeg,s164,2.2.14 纳扎尔,363,256,"(63.96, 540.6, 336.24, 732.6)"
217,3,1954,assets/img_xref_1954.jpeg,s164,2.2.14 纳扎尔,297,412,"(336.24, 423.6, 558.96, 732.6)"
218,1,1960,assets/img_xref_1960.jpeg,s166,2.2.16 海盗守卫BOSS,623,591,"(63.96, 506.4, 296.76, 727.68)"
218,2,1961,assets/img_xref_1961.jpeg,s166,2.2.16 海盗守卫BOSS,701,677,"(296.88, 506.4, 526.08, 727.8)"
220,1,1972,assets/img_xref_1972.jpeg,s170,2.3.3 日常活动的参与,105,130,"(246.72, 483.24, 367.92, 633.24)"
220,2,1973,assets/img_xref_1973.jpeg,s170,2.3.3 日常活动的参与,158,143,"(367.8, 482.4, 534.48, 633.24)"
221,1,1982,assets/img_xref_1982.jpeg,s170,2.3.3 日常活动的参与,592,316,"(89.64, 100.92, 533.64, 337.56)"
221,2,1983,assets/img_xref_1983.jpeg,s170,2.3.3 日常活动的参与,615,630,"(157.92, 381.6, 465.48, 696.6)"
222,1,1989,assets/img_xref_1989.jpeg,s173,征兆,780,525,"(77.16, 412.32, 546.24, 728.04)"
223,1,1997,assets/img_xref_1997.jpeg,s173,征兆,931,558,"(97.08, 129.6, 526.32, 386.88)"
223,2,1998,assets/img_xref_1998.jpeg,s173,征兆,924,558,"(63.96, 427.8, 587.28, 743.76)"
224,1,2003,assets/img_xref_2003.jpeg,s174,噩梦,611,406,"(95.52, 130.2, 527.76, 417.48)"
224,2,2004,assets/img_xref_2004.jpeg,s174,噩梦,431,328,"(150.0, 486.24, 473.28, 732.24)"
225,1,2010,assets/img_xref_2010.jpeg,s174,噩梦,618,443,"(105.72, 126.24, 517.56, 421.44)"
225,2,2011,assets/img_xref_2011.jpeg,s174,噩梦,758,583,"(117.84, 460.2, 505.44, 758.28)"
226,1,2016,assets/img_xref_2016.jpeg,s174,噩梦,796,438,"(95.4, 193.8, 527.88, 431.76)"
226,2,2017,assets/img_xref_2017.jpeg,s174,噩梦,389,319,"(135.6, 472.68, 487.68, 761.4)"
227,1,2022,assets/img_xref_2022.jpeg,s174,噩梦,371,310,"(130.32, 99.0, 492.96, 402.0)"
227,2,2023,assets/img_xref_2023.jpeg,s174,噩梦,1261,709,"(105.6, 532.32, 517.56, 764.04)"
229,1,2032,assets/img_xref_2032.jpeg,s175,2.3.6 悉拉玛次元裂隙（hiram rift）,1230,696,"(106.56, 252.0, 514.61, 482.88)"
229,2,2033,assets/img_xref_2033.jpeg,s175,2.3.6 悉拉玛次元裂隙（hiram rift）,239,271,"(165.96, 578.76, 315.96, 748.8)"
229,3,2034,assets/img_xref_2034.jpeg,s175,2.3.6 悉拉玛次元裂隙（hiram rift）,228,274,"(315.84, 578.76, 457.32, 748.8)"
231,1,2046,assets/img_xref_2046.jpeg,s178,2.3.7 领地（castle）,1111,473,"(87.0, 287.4, 536.28, 478.68)"
231,2,2047,assets/img_xref_2047.jpeg,s178,2.3.7 领地（castle）,750,558,"(144.36, 516.0, 479.04, 765.0)"
232,1,2053,assets/img_xref_2053.jpeg,s178,2.3.7 领地（castle）,1345,757,"(91.92, 95.64, 531.48, 342.84)"
232,2,2054,assets/img_xref_2054.jpeg,s178,2.3.7 领地（castle）,233,564,"(231.36, 375.96, 391.92, 764.52)"
233,1,2059,assets/img_xref_2059.jpeg,s178,2.3.7 领地（castle）,559,596,"(78.48, 189.0, 544.92, 686.28)"
234,1,2064,assets/img_xref_2064.jpeg,s178,2.3.7 领地（castle）,856,482,"(78.0, 95.52, 545.16, 358.56)"
234,2,2065,assets/img_xref_2065.jpeg,s178,2.3.7 领地（castle）,419,330,"(154.56, 516.72, 468.84, 764.28)"
235,1,2070,assets/img_xref_2070.jpeg,s178,2.3.7 领地（castle）,660,402,"(67.2, 226.32, 555.96, 524.04)"
235,2,2054,assets/img_xref_2054.jpeg,s178,2.3.7 领地（castle）,233,564,"(270.6, 564.36, 352.8, 763.32)"
236,1,2075,assets/img_xref_2075.jpeg,s178,2.3.7 领地（castle）,491,508,"(142.92, 99.36, 480.24, 448.44)"
236,2,2076,assets/img_xref_2076.jpeg,s178,2.3.7 领地（castle）,879,578,"(112.56, 486.12, 510.6, 747.84)"
237,1,2081,assets/img_xref_2081.jpeg,s179,2.3.8 悉拉玛山脉东部（mammoth/tree）,298,366,"(197.16, 226.8, 426.12, 508.08)"
237,2,2082,assets/img_xref_2082.jpeg,s179,2.3.8 悉拉玛山脉东部（mammoth/tree）,384,243,"(145.2, 550.68, 478.08, 761.28)"
238,1,2088,assets/img_xref_2088.jpeg,s179,2.3.8 悉拉玛山脉东部（mammoth/tree）,516,333,"(126.12, 99.6, 497.04, 339.0)"
238,2,2082,assets/img_xref_2082.jpeg,s179,2.3.8 悉拉玛山脉东部（mammoth/tree）,384,243,"(167.64, 377.76, 455.64, 560.04)"
239,1,2093,assets/img_xref_2093.jpeg,s180,2.3.9 芦苇地与魔法之地,522,328,"(93.96, 191.64, 529.32, 465.24)"
239,2,2094,assets/img_xref_2094.jpeg,s180,2.3.9 芦苇地与魔法之地,382,286,"(142.56, 506.04, 480.72, 759.24)"
240,1,2100,assets/img_xref_2100.jpeg,s180,2.3.9 芦苇地与魔法之地,406,343,"(133.8, 100.2, 489.6, 400.8)"
240,2,2101,assets/img_xref_2101.jpeg,s180,2.3.9 芦苇地与魔法之地,356,351,"(161.76, 441.0, 455.64, 730.8)"
241,1,2106,assets/img_xref_2106.jpeg,s181,2.3.10 伊弗尼尔山,245,251,"(163.8, 130.2, 459.6, 433.2)"
241,2,2107,assets/img_xref_2107.jpeg,s181,2.3.10 伊弗尼尔山,242,184,"(168.0, 468.84, 455.16, 687.24)"
242,1,2114,assets/img_xref_2114.jpeg,s181,2.3.10 伊弗尼尔山,1316,740,"(93.6, 129.48, 523.56, 371.28)"
242,2,2115,assets/img_xref_2115.jpeg,s181,2.3.10 伊弗尼尔山,1524,857,"(63.96, 438.0, 561.72, 717.96)"
243,1,2120,assets/img_xref_2120.jpeg,s181,2.3.10 伊弗尼尔山,1600,900,"(63.96, 64.2, 587.28, 358.56)"
243,2,2121,assets/img_xref_2121.jpeg,s181,2.3.10 伊弗尼尔山,288,384,"(67.2, 426.24, 283.2, 714.24)"
243,3,2122,assets/img_xref_2122.jpeg,s181,2.3.10 伊弗尼尔山,702,670,"(283.2, 453.72, 556.2, 714.24)"
244,1,2127,assets/img_xref_2127.jpeg,s181,2.3.10 伊弗尼尔山,516,449,"(90.6, 65.88, 532.8, 450.6)"
245,1,2132,assets/img_xref_2132.jpeg,s183,娜刹什入侵（invasion）,704,601,"(175.8, 282.6, 447.6, 514.56)"
245,2,2133,assets/img_xref_2133.jpeg,s183,娜刹什入侵（invasion）,499,345,"(159.84, 551.04, 463.56, 761.04)"
246,1,2140,assets/img_xref_2140.jpeg,s183,娜刹什入侵（invasion）,1600,900,"(63.96, 95.4, 587.28, 389.76)"
247,1,2145,assets/img_xref_2145.jpeg,s184,大草原神兽争夺战,410,406,"(63.96, 157.8, 314.16, 405.6)"
247,2,2146,assets/img_xref_2146.jpeg,s184,大草原神兽争夺战,369,344,"(314.16, 180.0, 556.08, 405.6)"
248,1,2153,assets/img_xref_2153.jpeg,s186,2.3.12 原大陆住民活动任务,586,438,"(156.84, 189.36, 466.44, 420.72)"
248,2,2154,assets/img_xref_2154.jpeg,s186,2.3.12 原大陆住民活动任务,663,584,"(152.4, 484.56, 470.76, 765.0)"
249,1,2160,assets/img_xref_2160.jpeg,s186,2.3.12 原大陆住民活动任务,367,319,"(93.12, 157.92, 319.32, 354.6)"
250,1,2165,assets/img_xref_2165.jpeg,s187,2.3.13 公会日常活动任务,653,441,"(100.68, 162.6, 522.72, 447.6)"
250,2,2166,assets/img_xref_2166.jpeg,s187,2.3.13 公会日常活动任务,666,507,"(128.4, 485.4, 494.88, 764.4)"
251,1,2172,assets/img_xref_2172.jpeg,s187,2.3.13 公会日常活动任务,202,301,"(220.2, 63.96, 397.2, 327.72)"
251,2,2173,assets/img_xref_2173.jpeg,s187,2.3.13 公会日常活动任务,668,507,"(105.6, 361.56, 511.56, 669.72)"
252,1,2178,assets/img_xref_2178.jpeg,s187,2.3.13 公会日常活动任务,259,231,"(57.96, 70.2, 252.24, 243.48)"
252,2,2179,assets/img_xref_2179.jpeg,s187,2.3.13 公会日常活动任务,243,357,"(252.24, 70.32, 407.88, 243.48)"
252,3,2180,assets/img_xref_2180.jpeg,s187,2.3.13 公会日常活动任务,198,248,"(407.88, 70.32, 546.12, 243.48)"
252,4,2181,assets/img_xref_2181.jpeg,s187,2.3.13 公会日常活动任务,244,230,"(220.32, 284.16, 396.96, 450.72)"
252,5,2182,assets/img_xref_2182.jpeg,s187,2.3.13 公会日常活动任务,679,468,"(121.32, 487.92, 495.84, 746.16)"
253,1,2187,assets/img_xref_2187.jpeg,s187,2.3.13 公会日常活动任务,671,505,"(96.36, 96.24, 526.92, 420.24)"
253,2,2188,assets/img_xref_2188.jpeg,s187,2.3.13 公会日常活动任务,678,471,"(100.08, 454.56, 523.08, 748.32)"
254,1,2193,assets/img_xref_2193.jpeg,s187,2.3.13 公会日常活动任务,351,563,"(218.64, 101.16, 404.64, 399.72)"
254,2,2194,assets/img_xref_2194.jpeg,s187,2.3.13 公会日常活动任务,670,512,"(107.88, 438.0, 515.4, 749.4)"
255,1,2199,assets/img_xref_2199.jpeg,s187,2.3.13 公会日常活动任务,671,515,"(100.56, 96.24, 522.84, 420.24)"
255,2,2200,assets/img_xref_2200.jpeg,s187,2.3.13 公会日常活动任务,676,516,"(112.2, 456.96, 511.2, 761.52)"
256,1,2205,assets/img_xref_2205.jpeg,s187,2.3.13 公会日常活动任务,798,630,"(114.36, 94.8, 508.8, 406.2)"
257,1,2210,assets/img_xref_2210.jpeg,s188,2.3.14 娜刹什之证商人与娜刹什入侵胜利商人,521,438,"(104.76, 131.04, 518.64, 479.04)"
257,2,2211,assets/img_xref_2211.jpeg,s188,2.3.14 娜刹什之证商人与娜刹什入侵胜利商人,561,361,"(100.92, 489.24, 522.36, 760.44)"
258,1,2217,assets/img_xref_2217.jpeg,s188,2.3.14 娜刹什之证商人与娜刹什入侵胜利商人,505,547,"(119.28, 99.96, 498.0, 510.24)"
259,1,2222,assets/img_xref_2222.jpeg,s188,2.3.14 娜刹什之证商人与娜刹什入侵胜利商人,1073,415,"(63.96, 63.48, 587.28, 265.92)"
259,2,2223,assets/img_xref_2223.jpeg,s189,2.3.15 每日任务概率刷新的海虫刷新点,368,271,"(134.16, 455.16, 489.0, 716.52)"
260,1,2229,assets/img_xref_2229.jpeg,s189,2.3.15 每日任务概率刷新的海虫刷新点,936,587,"(68.88, 66.96, 554.4, 371.52)"
260,2,2230,assets/img_xref_2230.jpeg,s189,2.3.15 每日任务概率刷新的海虫刷新点,471,331,"(76.56, 412.68, 546.72, 743.28)"
261,1,2235,assets/img_xref_2235.jpeg,s189,2.3.15 每日任务概率刷新的海虫刷新点,1600,900,"(63.96, 64.2, 587.28, 358.56)"
261,2,2236,assets/img_xref_2236.jpeg,s189,2.3.15 每日任务概率刷新的海虫刷新点,509,351,"(63.96, 395.28, 572.88, 745.32)"
262,1,2242,assets/img_xref_2242.jpeg,s189,2.3.15 每日任务概率刷新的海虫刷新点,1600,900,"(63.96, 64.2, 587.28, 358.56)"
262,2,2243,assets/img_xref_2243.jpeg,s190,2.3.16 幽灵船,875,441,"(102.36, 550.56, 520.92, 761.52)"
263,1,2249,assets/img_xref_2249.jpeg,s190,2.3.16 幽灵船,716,798,"(63.96, 130.44, 587.28, 713.64)"
264,1,2254,assets/img_xref_2254.jpeg,s190,2.3.16 幽灵船,636,321,"(45.96, 97.2, 591.36, 372.48)"
264,2,2255,assets/img_xref_2255.jpeg,s190,2.3.16 幽灵船,1600,900,"(63.96, 407.4, 587.28, 701.76)"
265,1,2260,assets/img_xref_2260.jpeg,s190,2.3.16 幽灵船,449,611,"(153.24, 70.56, 452.04, 477.24)"
265,2,2261,assets/img_xref_2261.jpeg,s190,2.3.16 幽灵船,391,325,"(165.0, 518.52, 458.28, 762.24)"
266,1,2266,assets/img_xref_2266.jpeg,s191,2.3.17 海盗藏宝图每日,239,208,"(222.0, 125.64, 401.28, 281.64)"
266,2,2267,assets/img_xref_2267.jpeg,s191,2.3.17 海盗藏宝图每日,1422,800,"(78.72, 314.4, 544.44, 576.36)"
267,1,2273,assets/img_xref_2273.jpeg,s191,2.3.17 海盗藏宝图每日,1223,691,"(111.36, 67.56, 511.92, 292.8)"
267,2,2274,assets/img_xref_2274.jpeg,s191,2.3.17 海盗藏宝图每日,243,228,"(63.96, 551.28, 220.68, 698.28)"
270,1,2293,assets/img_xref_2293.jpeg,s198,2.4.5 悉拉玛山脉东部周常（EHM）,896,510,"(97.2, 161.28, 520.2, 402.0)"
270,2,2294,assets/img_xref_2294.jpeg,s198,2.4.5 悉拉玛山脉东部周常（EHM）,558,443,"(106.92, 441.24, 510.48, 761.64)"
271,1,2300,assets/img_xref_2300.jpeg,s198,2.4.5 悉拉玛山脉东部周常（EHM）,385,382,"(167.28, 99.36, 456.0, 385.92)"
271,2,2301,assets/img_xref_2301.jpeg,s198,2.4.5 悉拉玛山脉东部周常（EHM）,375,396,"(171.0, 429.6, 452.28, 726.6)"
272,1,2306,assets/img_xref_2306.jpeg,s199,2.4.6 悉拉玛山脉西部周常（WHM）,629,433,"(100.2, 159.48, 523.2, 450.6)"
272,2,2307,assets/img_xref_2307.jpeg,s199,2.4.6 悉拉玛山脉西部周常（WHM）,366,382,"(180.0, 487.44, 443.28, 762.24)"
273,1,2313,assets/img_xref_2313.jpeg,s200,2.4.7 伊弗尼尔山周常,673,470,"(120.0, 194.52, 503.4, 462.24)"
273,2,2314,assets/img_xref_2314.jpeg,s200,2.4.7 伊弗尼尔山周常,371,308,"(153.36, 501.24, 470.04, 764.04)"
274,1,2320,assets/img_xref_2320.jpeg,s200,2.4.7 伊弗尼尔山周常,375,399,"(171.0, 100.8, 452.28, 400.08)"
275,1,2325,assets/img_xref_2325.jpeg,s201,2.4.8 守护原大陆周常,805,498,"(112.8, 189.84, 510.36, 435.84)"
275,2,2326,assets/img_xref_2326.jpeg,s201,2.4.8 守护原大陆周常,378,363,"(162.36, 473.64, 461.04, 760.44)"
276,1,2332,assets/img_xref_2332.jpeg,s201,2.4.8 守护原大陆周常,856,441,"(63.96, 100.08, 587.28, 369.72)"
276,2,2333,assets/img_xref_2333.jpeg,s201,2.4.8 守护原大陆周常,376,386,"(159.6, 414.12, 463.8, 726.36)"
277,1,2338,assets/img_xref_2338.jpeg,s202,2.4.9 西部大草原周常,1600,900,"(63.96, 126.6, 587.28, 420.96)"
277,2,2339,assets/img_xref_2339.jpeg,s202,2.4.9 西部大草原周常,386,308,"(166.92, 454.8, 456.48, 685.8)"
280,1,2359,assets/img_xref_2359.jpeg,s209,2.5.5 鲸鱼（WH）与烛台（AG）,431,381,"(186.0, 256.44, 437.16, 478.44)"
280,2,2360,assets/img_xref_2360.jpeg,s209,2.5.5 鲸鱼（WH）与烛台（AG）,574,412,"(140.76, 517.8, 482.4, 763.08)"
281,1,2366,assets/img_xref_2366.jpeg,s209,2.5.5 鲸鱼（WH）与烛台（AG）,1214,695,"(110.04, 97.8, 507.36, 325.2)"
281,2,2367,assets/img_xref_2367.jpeg,s209,2.5.5 鲸鱼（WH）与烛台（AG）,514,465,"(118.92, 364.68, 504.48, 713.4)"
282,1,2373,assets/img_xref_2373.jpeg,s210,2.5.6 十字星平原(CR)与伊尼斯泰尔(YNY)的战争,810,574,"(119.16, 160.8, 504.24, 433.68)"
282,2,2374,assets/img_xref_2374.jpeg,s210,2.5.6 十字星平原(CR)与伊尼斯泰尔(YNY)的战争,512,272,"(92.64, 500.76, 530.76, 733.44)"
283,1,2380,assets/img_xref_2380.jpeg,s210,2.5.6 十字星平原(CR)与伊尼斯泰尔(YNY)的战争,370,317,"(172.92, 69.12, 450.48, 306.84)"
283,2,2381,assets/img_xref_2381.jpeg,s210,2.5.6 十字星平原(CR)与伊尼斯泰尔(YNY)的战争,363,319,"(175.56, 411.6, 447.84, 650.88)"
284,1,2386,assets/img_xref_2386.jpeg,s210,2.5.6 十字星平原(CR)与伊尼斯泰尔(YNY)的战争,364,283,"(161.16, 66.36, 434.16, 278.64)"
285,1,2391,assets/img_xref_2391.jpeg,s213,2.6.2 怎么进入神之庭院,1479,832,"(63.96, 424.08, 546.6, 695.64)"
286,1,2399,assets/img_xref_2399.jpeg,s214,2.6.3 庭院侦查分数的获得,171,410,"(63.96, 158.52, 173.16, 420.36)"
286,2,2400,assets/img_xref_2400.jpeg,s214,2.6.3 庭院侦查分数的获得,239,293,"(222.0, 460.32, 401.28, 680.04)"
287,1,2406,assets/img_xref_2406.jpeg,s216,2.6.5 庭院侦查等级奖励,289,76,"(177.84, 472.68, 445.44, 543.0)"
287,2,2407,assets/img_xref_2407.jpeg,s216,2.6.5 庭院侦查等级奖励,290,92,"(177.84, 551.16, 445.44, 636.0)"
287,3,2408,assets/img_xref_2408.jpeg,s216,2.6.5 庭院侦查等级奖励,346,158,"(177.84, 641.76, 445.44, 763.92)"
288,1,2415,assets/img_xref_2415.jpeg,s217,2.6.6 每周庭院积分排名奖励,241,322,"(221.28, 160.92, 402.0, 402.48)"
288,2,2416,assets/img_xref_2416.jpeg,s217,2.6.6 每周庭院积分排名奖励,791,751,"(150.0, 440.28, 473.16, 747.12)"
290,1,2426,assets/img_xref_2426.jpeg,s219,2.7.1 宠物装备的获取,285,492,"(204.72, 172.56, 418.44, 541.56)"
291,1,2433,assets/img_xref_2433.jpeg,s220,2.7.2 宠物装备的升级,238,246,"(135.36, 136.32, 313.92, 320.88)"
291,2,2434,assets/img_xref_2434.jpeg,s220,2.7.2 宠物装备的升级,232,250,"(313.92, 133.32, 487.92, 320.88)"
291,3,2435,assets/img_xref_2435.jpeg,s220,2.7.2 宠物装备的升级,372,355,"(172.2, 366.96, 451.2, 633.24)"
292,1,2441,assets/img_xref_2441.jpeg,s221,2.7.3 宠物装备的觉醒,354,358,"(164.88, 131.76, 430.44, 400.32)"
293,1,2447,assets/img_xref_2447.jpeg,s221,2.7.3 宠物装备的觉醒,240,852,"(63.96, 67.68, 219.72, 620.4)"
293,2,2448,assets/img_xref_2448.jpeg,s221,2.7.3 宠物装备的觉醒,252,827,"(219.72, 67.68, 388.08, 620.4)"
293,3,2449,assets/img_xref_2449.jpeg,s221,2.7.3 宠物装备的觉醒,243,813,"(388.08, 67.68, 553.32, 620.4)"
294,1,2454,assets/img_xref_2454.jpeg,s224,3.1.1 宗师板甲制作材料一览,325,319,"(78.36, 312.12, 309.36, 538.92)"
294,2,2455,assets/img_xref_2455.jpeg,s224,3.1.1 宗师板甲制作材料一览,323,311,"(309.36, 312.24, 544.92, 538.92)"
294,3,2456,assets/img_xref_2456.jpeg,s224,3.1.1 宗师板甲制作材料一览,329,316,"(75.0, 545.4, 311.16, 772.2)"
295,1,2464,assets/img_xref_2464.jpeg,s224,3.1.1 宗师板甲制作材料一览,325,324,"(65.16, 66.84, 292.56, 293.64)"
295,2,2465,assets/img_xref_2465.jpeg,s224,3.1.1 宗师板甲制作材料一览,328,313,"(292.56, 66.84, 530.16, 293.64)"
295,3,2466,assets/img_xref_2466.jpeg,s224,3.1.1 宗师板甲制作材料一览,323,322,"(57.96, 301.68, 300.24, 543.24)"
295,4,2467,assets/img_xref_2467.jpeg,s224,3.1.1 宗师板甲制作材料一览,316,323,"(300.24, 300.96, 537.24, 543.24)"
296,1,2473,assets/img_xref_2473.jpeg,s226,3.1.3 宗师布甲制作材料一览,332,330,"(63.96, 220.32, 312.96, 467.88)"
296,2,2474,assets/img_xref_2474.jpeg,s226,3.1.3 宗师布甲制作材料一览,326,326,"(314.76, 223.32, 559.32, 467.88)"
296,3,2475,assets/img_xref_2475.jpeg,s226,3.1.3 宗师布甲制作材料一览,337,313,"(36.0, 477.36, 288.72, 712.08)"
296,4,2476,assets/img_xref_2476.jpeg,s226,3.1.3 宗师布甲制作材料一览,328,316,"(313.32, 475.2, 559.32, 712.2)"
297,1,2482,assets/img_xref_2482.jpeg,s226,3.1.3 宗师布甲制作材料一览,323,313,"(36.0, 74.04, 278.28, 308.76)"
297,2,2483,assets/img_xref_2483.jpeg,s226,3.1.3 宗师布甲制作材料一览,329,322,"(312.6, 67.32, 559.32, 308.88)"
297,3,2484,assets/img_xref_2484.jpeg,s226,3.1.3 宗师布甲制作材料一览,331,319,"(36.0, 318.0, 284.28, 557.28)"
298,1,2490,assets/img_xref_2490.jpeg,s228,3.1.5 宗师皮甲制作材料一览,325,328,"(63.96, 131.4, 284.76, 354.24)"
298,2,2491,assets/img_xref_2491.jpeg,s228,3.1.5 宗师皮甲制作材料一览,323,316,"(331.2, 131.04, 559.32, 354.24)"
298,3,2492,assets/img_xref_2492.jpeg,s228,3.1.5 宗师皮甲制作材料一览,325,318,"(36.0, 362.04, 255.0, 576.24)"
298,4,2493,assets/img_xref_2493.jpeg,s228,3.1.5 宗师皮甲制作材料一览,325,316,"(338.4, 361.44, 559.32, 576.24)"
299,1,2499,assets/img_xref_2499.jpeg,s228,3.1.5 宗师皮甲制作材料一览,331,310,"(36.0, 64.32, 284.28, 296.88)"
299,2,2500,assets/img_xref_2500.jpeg,s228,3.1.5 宗师皮甲制作材料一览,323,311,"(317.04, 63.6, 559.32, 296.88)"
299,3,2501,assets/img_xref_2501.jpeg,s228,3.1.5 宗师皮甲制作材料一览,319,304,"(36.0, 300.24, 275.28, 528.24)"
300,1,2507,assets/img_xref_2507.jpeg,s231,3.2.1 木质武器制作材料展览,321,313,"(191.28, 252.6, 432.0, 487.32)"
301,1,2516,assets/img_xref_2516.jpeg,s233,3.2.3 铁质武器制作材料展览,333,323,"(179.4, 98.76, 443.88, 355.32)"
302,1,2524,assets/img_xref_2524.jpeg,s235,3.2.5 宗师武器推荐制作方式,796,661,"(87.36, 68.04, 507.84, 417.24)"
303,1,2529,assets/img_xref_2529.jpeg,s236,3.2.6 宗师盾牌制作展览,784,322,"(63.96, 96.12, 587.28, 311.04)"
304,1,2536,assets/img_xref_2536.jpeg,s239,3.3.1 项链制作材料展览（不推荐）,316,312,"(184.8, 146.04, 438.48, 396.48)"
304,2,2537,assets/img_xref_2537.jpeg,s240,3.3.2 耳环制作材料展览,328,314,"(184.8, 469.56, 438.48, 712.44)"
305,1,2545,assets/img_xref_2545.jpeg,s241,3.3.3 戒指制作材料展览,319,316,"(113.64, 101.16, 509.64, 493.44)"
306,1,2552,assets/img_xref_2552.jpeg,s244,3.4.1 宗师乐器制作材料展览,338,320,"(99.72, 171.96, 523.56, 573.24)"
310,1,2578,assets/img_xref_2578.jpeg,s252,3.5.4 关于巨匠双手杖,1520,1928,"(220.44, 407.76, 402.84, 639.12)"
311,1,2585,assets/img_xref_2585.jpeg,s253,3.5.5 宗师装备的觉醒、解放与精练,371,386,"(154.68, 126.12, 468.6, 452.76)"
311,2,2586,assets/img_xref_2586.jpeg,s253,3.5.5 宗师装备的觉醒、解放与精练,441,359,"(108.48, 455.28, 486.84, 763.32)"
312,1,2592,assets/img_xref_2592.jpeg,s253,3.5.5 宗师装备的觉醒、解放与精练,360,359,"(165.96, 66.24, 457.32, 356.76)"
312,2,2593,assets/img_xref_2593.jpeg,s253,3.5.5 宗师装备的觉醒、解放与精练,606,379,"(70.44, 459.24, 525.0, 743.64)"
313,1,2598,assets/img_xref_2598.jpeg,s253,3.5.5 宗师装备的觉醒、解放与精练,460,235,"(125.16, 131.16, 470.16, 307.44)"
313,2,2599,assets/img_xref_2599.jpeg,s253,3.5.5 宗师装备的觉醒、解放与精练,460,544,"(125.16, 319.44, 470.04, 727.44)"
314,1,2604,assets/img_xref_2604.jpeg,s253,3.5.5 宗师装备的觉醒、解放与精练,294,80,"(187.44, 64.44, 407.88, 124.44)"
315,1,2609,assets/img_xref_2609.jpeg,s254,3.5.6 宗师石头的制作,766,359,"(63.96, 161.16, 577.92, 402.24)"
316,1,2615,assets/img_xref_2615.jpeg,s257,3.6.2 宗师饰品的喂养,223,206,"(63.96, 393.48, 255.24, 570.24)"
317,1,2623,assets/img_xref_2623.jpeg,s257,3.6.2 宗师饰品的喂养,2048,869,"(75.96, 64.68, 547.32, 264.72)"
317,2,2625,assets/img_xref_2625.jpeg,s258,3.6.3 宗师防具的喂养,222,209,"(191.64, 363.6, 431.64, 589.56)"
318,1,2631,assets/img_xref_2631.jpeg,s258,3.6.3 宗师防具的喂养,1707,1280,"(87.72, 347.76, 535.56, 683.64)"
319,1,2636,assets/img_xref_2636.jpeg,s258,3.6.3 宗师防具的喂养,1707,1280,"(87.72, 66.84, 535.68, 402.84)"
319,2,2637,assets/img_xref_2637.jpeg,s258,3.6.3 宗师防具的喂养,1707,1280,"(75.24, 408.48, 548.04, 763.08)"
320,1,2642,assets/img_xref_2642.jpeg,s258,3.6.3 宗师防具的喂养,1707,1280,"(75.6, 65.64, 547.56, 419.64)"
320,2,2643,assets/img_xref_2643.jpeg,s258,3.6.3 宗师防具的喂养,1707,1280,"(90.24, 427.56, 533.04, 759.72)"
321,1,2648,assets/img_xref_2648.jpeg,s258,3.6.3 宗师防具的喂养,2048,903,"(68.28, 127.56, 554.88, 342.24)"
321,2,2650,assets/img_xref_2650.jpeg,s258,3.6.3 宗师防具的喂养,2048,874,"(63.96, 474.12, 587.28, 697.56)"
322,1,2657,assets/img_xref_2657.jpeg,s259,3.6.4 宗师武器的喂养,207,202,"(206.16, 131.88, 417.24, 337.92)"
323,1,2664,assets/img_xref_2664.jpeg,s261,3.6.6 宗师装备的特化,906,835,"(153.12, 172.32, 595.32, 579.72)"
324,1,2670,assets/img_xref_2670.jpeg,s261,3.6.6 宗师装备的特化,973,502,"(107.28, 66.84, 516.0, 278.04)"
325,1,2675,assets/img_xref_2675.jpeg,s263,3.7.1 什么是宗师披风,588,708,"(147.24, 205.92, 476.04, 601.8)"
326,1,2683,assets/img_xref_2683.jpeg,s266,3.7.4 宗师披风的觉醒,229,292,"(88.92, 417.36, 260.64, 636.36)"
326,2,2684,assets/img_xref_2684.jpeg,s266,3.7.4 宗师披风的觉醒,365,301,"(260.64, 410.52, 534.36, 636.24)"
327,1,2691,assets/img_xref_2691.jpeg,s266,3.7.4 宗师披风的觉醒,184,204,"(96.36, 64.8, 234.36, 217.8)"
327,2,2692,assets/img_xref_2692.jpeg,s266,3.7.4 宗师披风的觉醒,199,204,"(234.36, 64.8, 383.64, 217.8)"
327,3,2693,assets/img_xref_2693.jpeg,s266,3.7.4 宗师披风的觉醒,191,193,"(383.64, 72.96, 526.92, 217.68)"
327,4,2694,assets/img_xref_2694.jpeg,s266,3.7.4 宗师披风的觉醒,211,203,"(111.36, 221.16, 269.64, 373.44)"
327,5,2695,assets/img_xref_2695.jpeg,s266,3.7.4 宗师披风的觉醒,323,203,"(269.64, 221.16, 511.92, 373.44)"
327,6,2696,assets/img_xref_2696.jpeg,s266,3.7.4 宗师披风的觉醒,236,261,"(96.6, 408.0, 273.6, 603.72)"
328,1,2702,assets/img_xref_2702.jpeg,s267,3.7.5 宗师披风经验的获取,387,393,"(211.2, 257.64, 412.2, 461.76)"
328,2,2703,assets/img_xref_2703.jpeg,s267,3.7.5 宗师披风经验的获取,231,283,"(133.32, 503.16, 306.6, 715.44)"
328,3,2704,assets/img_xref_2704.jpeg,s267,3.7.5 宗师披风经验的获取,228,264,"(306.6, 503.16, 489.96, 715.44)"
329,1,2709,assets/img_xref_2709.jpeg,s268,3.7.6 宗师披风的词条,953,795,"(57.96, 281.76, 581.28, 718.32)"
330,1,2715,assets/img_xref_2715.jpeg,s273,4.1.3 其他势力小号的养成,1198,716,"(63.96, 485.52, 524.4, 760.68)"
