section_id,level,title,page_start,page_end,keywords,summary,image_count,anchor
s001,1,前言,2,3,世界BOSS、势力、时间、制作、BOSS、NA、9.5、前言,本攻略的制作初衷是为了给内向/不喜欢语音/不喜欢被大佬辱骂的新老玩家提供一份详尽的图文攻略。 因为上古的内容真的非常多，NA 服上还有许多的未翻译内容，老玩家即便有模糊的记忆，对于各种细节可能仍有遗漏，以致于在答复萌新的提问时不够详尽。,0,s001-c441a2ce
s002,1,目录,3,10,种地、跑商、钓鱼、采矿、巡山、野种、债券、星期限定活动、仙境、保管箱、委托、妖精管家,前言.................................................................................................................................... 1目录..........................................…,0,s002-2f953c62
s003,1,第一章 生活篇,10,10,种地、跑商、钓鱼、采矿、巡山、野种、债券、星期限定活动、仙境、保管箱、委托、妖精管家,生活篇内容及其简介 本攻略第一篇为生活篇，一共有十二大内容。 分别为： ①种地②跑商③钓鱼④采矿⑤巡山与野种⑥债券⑦星期限定活动 ⑧仙境⑨保管箱⑩委托⑾蓝颜商会任务⑿妖精管家,0,s003-2e46c502
s004,2,1.1 种地,10,10,种地,本节为“1.1 种地”的结构节点，正文主要分布在其子章节。,0,s004-8bfc1783
s005,3,1.1.1 种地的种类,10,11,种地、种地的种类,根据种地方式的不同，我们可以降种地的种类分为以下三种： ①直接种植②打捆种植③苗圃种植 ③苗圃种植,2,s005-59aade40
s006,3,1.1.2 直接种植,11,11,不推荐、直接种植,①指的是：使用从种子商人处直接购买得到的种子来在自己的菜地里种 直接种植 植的行为。大部分情况下不推荐，仅在需要雷击木和树木副产品时使用这种方式。,0,s006-0c22e934
s007,3,1.1.3 打捆种植,11,12,劳动力、时间、制作、打捆种植,②指的是：在农夫制作台或者稻草人制作台（稻草人菜田里的那个稻草 打捆种植 人，可以直接无视权限使用别人的）花费劳动力将种子和蠕动的蚯蚓制作成捆后再在自己菜地里种植的行为。打捆种植是可以直接同捆复种的，可以避免重复种植的行为。,1,s007-f69a962f
s008,3,1.1.4 苗圃种植,12,14,苗圃种植,③指的是使用房屋自带的 苗圃种植 苗圃来进行种植的行为。 苗圃种植需要先选择是农业还是 采集，F 是农业，G 是采集。,3,s008-c0210d17
s009,3,1.1.5 影响种地时间的因素,14,14,种地、时间、影响种地时间的因素,本节为“1.1.5 影响种地时间的因素”的结构节点，正文主要分布在其子章节。,0,s009-a895904c
s010,4,影响作物成熟时间的因素,14,14,劳动力、时间、影响作物成熟时间的因素,当玩家使用直接种植和打捆种植时，作物的成熟时间会受到种子适应气候与种植当地的气候影响。 如果气候合适，那么作物成熟后将不会变成打蔫的XXX。,0,s010-60fb8186
s011,4,影响收割作物时间的因素,14,15,熟练度、时间、影响收割作物时间的因素,1）使用床睡觉后获得的生活相关活动施法时间减少的BUFF 2）熟练度时装自带的生活相关活动施法时间减少的效果 3）玩家熟练度减少施法时间 4）对应晨露时装在连续收割3 次后的减少施法时间的BUFF 5）家具提供的生活相关活动施法时间减少的BUFF 6）快速生产卷轴的BUFF,0,s011-61fb69a3
s012,3,1.1.6 各种类种植方式的优缺点,15,15,各种类种植方式的优缺点,本节为“1.1.6 各种类种植方式的优缺点”的结构节点，正文主要分布在其子章节。,0,s012-66cfe60b
s013,4,优点,15,15,时间、优点,①和②这两种种子方式都可以获得作物和副产物（树捆仅能获得静电叶片）。 ②相较于①和③可以直接复种同种作物，在大量种植时可以节约时间。,0,s013-2678e9ca
s014,4,缺点,15,15,时间、缺点,①和②成长时间较长，会受气候影响，对收割时间有要求。单个作物（捆）产量较为低下，种植活动花费时间较长。,0,s014-f0a86bc8
s015,3,1.1.7 种子的获取,15,16,不推荐、种子的获取,种子的获取方式分为以下两种： 1）在菜单栏的生活点商店处或者生活点商人处购买（不推荐） 2）在种子和树苗商人处购买 种子和树苗商人会出现在： 1）住宅区附近的NPC 聚落处 2）相逢之庭的二楼,0,s015-7eb8d6ae
s016,2,1.2 跑商,16,16,跑商,本节为“1.2 跑商”的结构节点，正文主要分布在其子章节。,0,s016-068ca127
s017,3,1.2.1 跑商的种类,16,16,跑商、债券、陆商、海商、普通货、星星货、住民货、商团货、债券货、发酵货、黑炭、龙骨,跑商根据交通方式的不同，可以分为以下两种： ①跑陆商②跑海商 根据货物的不同，可以分为以下两种： ③跑普通货④跑星星货⑤跑住民货⑥跑商团货 ⑦跑债券货⑧跑发酵货⑨跑黑炭⑩跑龙骨 ③④⑤⑥⑦⑧在跑完8 小时后，收益的金币将会通过邮件发放。 ⑨⑩在跑完8 小时后，收益的资源将会通过邮件发放。,0,s017-87bcb425
s018,3,1.2.2 跑商的前置准备,16,20,跑商、陆商、海商、黑炭、熟练度、前置准备、位置、不推荐、注意事项、跑商的前置准备,注意事项！！,12,s018-fd0bf315
s019,3,1.2.3 跑商对于时间的要求,20,22,跑商、债券、债券货、发酵货、收益、时间、制作、跑商对于时间的要求,所有的货物在制作出来或者购买出来时都会有一个时间，将鼠标移动在货物上即可查看（不同货物过期时间不一样）。如图所示： 因此当最佳时间结束之后，我们跑商的收益就会受损，所以我们需要根据实际情况来判断我们能不能在过期前跑完这些货物。,2,s019-521227ca
s020,3,1.2.4 怎么跑陆商,22,24,势力、陆商、注意事项、怎么跑陆商,参考笔者B 站视频：BV1CJ8deaEQe 注意事项：一定要锁车！！,1,s020-add0e5d8
s021,3,1.2.5 怎么跑海商,24,24,海商、怎么跑海商,内战结束后更新。,0,s021-28619033
s022,3,1.2.6 打劫与被打劫,24,24,打劫与被打劫,本节为“1.2.6 打劫与被打劫”的结构节点，正文主要分布在其子章节。,0,s022-ac786398
s023,4,打劫的情况：,24,24,跑商、势力、打劫的情况,如果你或者国人发现敌对势力玩家正在进行非安全区的跑商活动，可以通过语音（KOOK）或者打字的方式提醒并邀请其他国人玩家参与打劫。,0,s023-7373da34
s024,4,被打劫的情况：,24,25,跑商、职业、注意事项、被打劫的情况,如果你想要进行非安全区的跑商行为，那么笔者强烈推荐你在跑商开始前就挂在语音频道上，这样子你一出事就可以立马组团、报点、报对面职业和人数已经打劫方式。同时还能告知救援人员你的情况，这样子做足了这些准备，才能最大程度保证救援人员可以帮你抢回你的货物。,0,s024-14a8a436
s025,3,1.2.7 各种类跑商的优缺点,25,25,跑商、各种类跑商的优缺点,本节为“1.2.7 各种类跑商的优缺点”的结构节点，正文主要分布在其子章节。,0,s025-c0482daa
s026,4,普通货：,25,25,普通货、劳动力、制作,制作材料和需要劳动力较少，但是可获得金币较少。如图所示,1,s026-6d0f498d
s027,4,星星货：,25,26,星星货、劳动力、制作,制作材料和需要劳动力较多，并且制作材料需要使用德妃纳之星，但是星星货可 获得金币较多。如图所示：,1,s027-c3c0667e
s028,4,住民货：,26,27,普通货、住民货、熟练度、劳动力、收益、时间、制作,住民货分两种： 1）自己做的 2）住民制作台旁边的“垃圾”，如图所示： 俗称的捡垃圾便是让你去住民会馆附近拾取住民货物去跑，虽然可能货物可能已经过了最近贩卖时间，但是由于制作人熟练度通常较高，而且无须自己使用材料和劳动力制作，所以对于新人来说收益还不错。 住民货物由于大量垃圾存在，所以货率通常不高。,1,s028-1236a7e9
s029,4,肥料货：,27,27,制作、肥料货,肥料货物最大的特点就是制作材料统一，如图所示： 肥料货物可以在商团房子的制作台上制作，你可以选择去公开的商团房子，或者去家族的/工会的商团房子上制作肥料货物。,1,s029-f37b70f5
s030,4,债券货：,27,28,债券、债券货、劳动力、制作,债券货的制作材料也是统一的，如图所示： 债券货可以卖很多的金，但是也很吃劳动力，建议在货率120%左右再跑。,1,s030-5d0bc7e4
s031,4,发酵货：,28,30,发酵货、不推荐、制作,发酵货分2 种，大陆发酵和原大陆发酵（不推荐），制作材料一样，成品不是一个东西，不通用。发酵架有如下三种： 蜂蜜最值钱，其次是药材，再其次是奶酪。,3,s031-81bc56ed
s032,3,1.2.8 跑商货率的查看与变化,30,32,跑商、发酵货、地图、跑商货率的查看与变化,按下快捷键shift+o 可以唤出如下的贸易面板： 选择产地和目的地即可查看对应货率，如下： 滑动滚轮即可查看其他货物的货率。 如果我们不想看各个地图货物的货率，而是想看交易所里特产的数目的话，我们可以到特产贩卖商人处查看，如下： 信息面板红框处可以选择查看某一个地图到该交易所的特产数量、货率和基础金额。,5,s032-c00144a1
s033,3,1.2.9 公开权限商团房子的位置,32,33,位置、制作、公开权限商团房子的位置,笔者在制作攻略时所知道的公开商团如下图所示：,0,s033-5c3ce746
s034,4,西大陆,33,36,西大陆,优质公开商团（格威尔）： 优质公开商团（黄金）： 优质公开商团（双冠）： 公开商团（玛瑞）： 公开商团（西风）： 公开商团（地狱）：,6,s034-a9f2efad
s035,4,东大陆,36,41,东大陆,伊尼斯泰尔： 古代森林： 咏唱之地： 猎鹰高原： 彩虹荒野： 摩哈特比： 黎明半岛: 烈日峡谷： 洛卡山脉：,9,s035-f3ba0e03
s036,3,1.2.10 作者公会商团房子位置,41,42,跑商、位置、作者公会商团房子位置,十字星平原入口处（门口坡可以直接下去）： 索兹里德半岛入海口处（用不用鱼叉都可以跑）： 公会商团跑商教程参考视频：BV12x4y1t7SB,2,s036-ee396fd1
s037,3,1.2.11 发酵货的制备和运送,42,42,发酵货、发酵货的制备和运送,本节为“1.2.11 发酵货的制备和运送”的结构节点，正文主要分布在其子章节。,0,s037-484f78e6
s038,4,制备发酵架,42,42,熟练度、收益、制作、制备发酵架,跑发酵需要先做置物架，制作置物架熟练度对收益无影响，因此萌新可以通过帮大佬搓发酵架来获取经商熟练度。 如果你想要长期跑发酵，那么最好有一片地（自己的或者野外的）来种大量的果树和牛棚，不然发酵消耗材料很多，扫拍卖行材料或者拍卖行发酵架会比较亏。,0,s038-ccdec092
s039,4,制备发酵货,42,43,跑商、发酵货、熟练度、收益、时间、地图、制备发酵货,发酵的放置方法为右键背包内的置物架，放置在地里，然后走进按F 敲出发酵背在身上。注意：这时候要加速敲的读条虽然是畜牧熟练度和畜牧晨露，但是收益是按这时候你的经商熟练度算的，所以这时候你既要穿晨露腰带也要穿晨露鞋子。,0,s039-dcb9909b
s040,4,原大陆发酵相关,43,44,发酵货、原大陆发酵相关,由于原大陆的发酵货率极烂（50%40%等），原大陆发酵只能在地里放到过期看能不能刷新出超级发酵，超级发酵一个几千金，但是其他过期+腐烂的发酵一个只能卖十几金，连架子钱都回不来。 而且原大陆全程非安全区，需要跑车送货才比较安全，但是在居住区太里面的话， 跑车又会被各种东西卡住导致风险变大，所以你想跑原大陆发酵的话，还需要居住区边缘的土地和一辆跑车。,0,s040-1b060f02
s041,3,1.2.12 西大陆各个交易所的发酵收益,44,46,熟练度、收益、制作、9.5、西大陆各个交易所的发酵收益,索兹里德半岛交易所如下： 奶酪 药材 蜂蜜 西风脊 73.85.55 75.28.21 77.64.66 备注：本表基于27.4W 熟练度和130%货率制作，价格随熟练度和货率变动。By：幸运菌 地狱沼泽 71.30.92 73.05.43 74.49.71 珊瑚海岸 71.28.93 73.03.15 74.46.32 十字星平原 65.73.47 66.…,0,s041-d1bfcf4d
s042,3,1.2.13 东西大陆发酵野敲点,46,46,野种、东西大陆发酵野敲点,注意！！,0,s042-f1510e08
s043,4,西大陆,46,46,西大陆,待更新,0,s043-75480d7f
s044,4,东大陆,46,47,东大陆,待更新,0,s044-b603cf73
s045,3,1.2.14 海底宝箱与洛瓦塔沉船（吃探险熟练度）,47,47,海底宝箱、沉船、探险、熟练度、海底宝箱与洛瓦塔沉船、吃探险熟练度,本节为“1.2.14 海底宝箱与洛瓦塔沉船（吃探险熟练度）”的结构节点，正文主要分布在其子章节。,0,s045-b6d1192b
s046,4,事前准备,47,48,沉船、地图、制作、事前准备,不管是打捞宝箱还是沉船，开始前都需要准备打捞袋。 制作方式如下： 左边的制作工具可以在任意地图的杂货商人处买到。,2,s046-62d8596e
s047,4,打捞宝箱,48,49,海底宝箱、打捞宝箱,准备好呼吸耳环和脚蹼，最好再准备一个水里用的坐骑，在海底找到宝箱后就可 海底宝箱如下： 按F 后，会出现套着打捞袋的宝箱，你可以疾跑到打捞袋上让它带着你一起浮上去。宝箱会固定上浮一定高度，如果到了海面后记得赶紧下来，不然小心被卡住。,2,s047-22171481
s048,4,打捞沉船,49,56,普通货、沉船、探险、熟练度、打捞沉船,开始打捞沉船前你需要准备以下道具： 1 大量打捞袋 2 带齐装备的潜水艇 3 带瞭望的船 4 用于装货的带鱼叉的贸易船 准备好上述东西后就可以前往寂静之海找沉船了。 首先我们需要用瞭望在海上找到救生艇，如下图： 标记渡船前往后可以看到： 看到渡船后选中渡船，垂直下潜，沉船会刷新在渡船半径200m 的范围内。,12,s048-86534c79
s049,4,资源点位（转载）,56,61,资源点位、转载,本节为“资源点位（转载）”的结构节点，正文主要分布在其子章节。,10,s049-9829f3be
s050,3,1.2.15 领地走私货品（不推荐）,61,61,不推荐、领地走私货品,本节为“1.2.15 领地走私货品（不推荐）”的结构节点，正文主要分布在其子章节。,0,s050-f7b6c81a
s051,4,开启每日流程,61,62,势力、开启每日流程,这个任务第一次时需要玩家在对应领地的庭院植物员处接取任务。 如下图，红圈为接任务NPC，篮框为任务： 接到任务后会获得一个传送卷轴，会传送去对应势力的走私NPC 处。,2,s051-f641750a
s052,4,走私品材料获取,62,63,势力、制作、走私品材料获取,在走私NPC 接取完紫色的任务后，会获得一个每日任务，要求如下： 拿到花后与走私NPC 对话完成任务，他会再出一个紫色任务让你去领地找庭院植物管理员，这时候还没消耗花，但是背包会多出来一个任务道具。 到对应势力领地的热情的庭院植物员交任务后，会消耗3 色庭院花各5 朵和任务道具交任务，然后同NPC 处接取以下任务： 是的，你没看错，这坑爹玩意还要你提交3 个…,2,s052-233ccebc
s053,4,走私品的制备,63,65,势力、熟练度、地图、制作、走私品的制备,拿到加工过的庭院植物后，玩家可以在对应领地的庭院植物管理员处接到指引做 货任务： 拿到加工过的庭院植物后，玩家可以在对应领地的势力总部的小帐篷里用矿泉水或者火木启动制作台（地图能获得哪个就需要那个）（注意！！,4,s053-eae743f4
s054,4,走私品的收益,65,67,熟练度、收益、走私品的收益,满熟练度加成如下： 安息之地： 地灵之界：,2,s054-0c9caa4e
s055,2,1.3 钓鱼,67,67,钓鱼,本节为“1.3 钓鱼”的结构节点，正文主要分布在其子章节。,0,s055-9bf9e348
s056,3,1.3.1 钓鱼的种类,67,67,钓鱼、钓鱼的种类,钓鱼可以根据方式不同，分为以下几类： ①钓小鱼②钓大鱼 根据内容不同，①钓小鱼可以分为以下几类： ③普通钓小鱼④自由岛高级钓鱼⑤镜之地冰钓 根据内容不同，②钓大鱼可以分为以下几类： ⑥淡水钓大鱼⑦海水钓大鱼,0,s056-63e8aa92
s057,3,1.3.2  钓鱼的前置准备,67,71,钓鱼、熟练度、收益、前置准备、位置、制作、钓鱼的前置准备,钓鱼前根据种类的不同我们要准备的东西也不同。 如果是要钓小鱼，则需要准备鱼竿和蠕动的蚯蚓。,11,s057-c266063a
s058,3,1.3.3 影响钓鱼时间的因素,71,71,钓鱼、时间、影响钓鱼时间的因素,本节为“1.3.3 影响钓鱼时间的因素”的结构节点，正文主要分布在其子章节。,0,s058-c1dacbb3
s059,4,影响钓小鱼时间的因素,71,71,钓鱼、熟练度、时间、影响钓小鱼时间的因素,1）使用床睡觉后获得的生活相关活动施法时间减少的BUFF 2）熟练度时装自带生活相关活动施法时间减少的效果 3）玩家熟练度减少施法时间 4）对应晨露时装在连续3 次钓鱼后的减少施法时间的BUFF 5）家具提供的生活相关活动施法时间减少的BUFF 6）快速生产卷轴的BUFF,0,s059-2b50679b
s060,4,钓大鱼多出以下影响因素,71,72,钓鱼、熟练度、时间、注意事项、钓大鱼多出以下影响因素,7）钓鱼时装带来的伤害加成 8）熟练度带来的伤害加成 9）鱼竿等级带来的伤害加成 10）蚂蚁、小象BUFF 带来的移速加成 11）脚蹼带来的游泳速度加成 注意事项！！,1,s060-8098711b
s061,3,1.3.4 钓小鱼,72,73,地图、钓小鱼,在背包里准备充足的蠕动的蚯蚓后，装备上鱼竿，右键第一个交互键，再左键一个离自己较近的水面即可开始自动钓小鱼。 小鱼有以下2 种分类： 1)水质分类：小鱼分为淡水鱼和海水鱼，淡水鱼就是你随便哪个地图找的小沟小河，钓上来的都是淡水鱼。,1,s061-27442109
s062,3,1.3.5 镜之地冰钓与自由岛高级垂钓,73,77,钓鱼、熟练度、劳动力、时间、注意事项、镜之地冰钓与自由岛高级垂钓,镜之地冰钓需要先在杂 削冰铲需要达到12W 钓鱼熟练度才可以使用。 货商人除购买削冰铲。,10,s062-f0fd269f
s063,3,1.3.6 钓淡水大鱼,77,83,钓鱼、劳动力、地图、钓淡水大鱼,在鱼群区域使用腥味的鱼粉饭团。使用方法为右键点击蚯蚓味饭团，再对着水鸟飞舞处水面单击鼠标左键，即可获得钓大鱼BUFF。,17,s063-21613170
s064,3,1.3.7 钓海水大鱼,83,88,钓鱼、熟练度、劳动力、位置、地图、钓海水大鱼,先通过渔船的鱼群探测器在海上找到鱼群： 找到并标记这种一条鱼符号的。 到了之后会看到鱼群上方有海鸥飞 舞，如下图： 在鱼群区域使用卡夫饭团诱饵。,10,s064-7a807a96
s065,3,1.3.8 新版本渔船的升级（钓鱼必备）,88,90,钓鱼、制作、升级、新版本渔船的升级、钓鱼必备,所有渔船都可以在木工制作台使用一个船舶升级券升级。 升级券如下： 升级后，渔船上会有2 个小桶+1 个大通，小桶只能装中小型鱼，大桶可以装中小型鱼，也可以装大型鱼（交互键不一样，一个F 一个G）。,2,s065-2a720c4d
s066,2,1.4 采矿,90,90,采矿,本节为“1.4 采矿”的结构节点，正文主要分布在其子章节。,0,s066-537da064
s067,3,1.4.1 采矿的种类,90,90,采矿、采矿的种类,根据采矿的性质我们可以将采矿分为两类： ①普通采矿②特殊采矿 普通采矿根据方式不同，可以分为以下三种： ③野外挖矿④矿脉农场采矿⑤大小矿机采矿 特殊采矿根据对象不同，可以分为以下几种： ⑥挖未鉴定的矿脉⑦挖碎星矿⑧挖亚纳碎石,0,s067-d1e13697
s068,3,1.4.2 影响采矿时间的因素,90,90,采矿、熟练度、时间、影响采矿时间的因素,影响采矿时间的因素仅有以下六种： 1）使用床睡觉后获得的生活相关活动施法时间减少的BUFF 2）熟练度时装自带生活相关活动施法时间减少的效果 3）玩家熟练度减少施法时间 4）对应晨露时装在连续3 次采矿后的减少施法时间的BUFF 5）家具提供的生活相关活动施法时间减少的BUFF 6）快速生产卷轴的BUFF,0,s068-a8dfd1b7
s069,3,1.4.3 野外挖矿,90,95,采矿、熟练度、野外挖矿,野外采矿需要我们先前往野外的矿点。常用的矿点有以下几个： 碎石平原 黎利尔丘陵 虎脊山脉 黎明半岛 伊尼斯泰尔 到达矿点后，我们要先对石碓进行交互。,12,s069-45a93de5
s070,3,1.4.4 矿脉农场采矿,95,96,采矿、矿脉农场采矿,使用这种方法需要玩家拥有一个矿脉农场，开始采集后30 分钟后开始一次判定， 大概率是普通矿脉。 30 分钟后如果是普通矿脉，则再过X 小时可以收获一次积累3 次的普通矿脉， 如果是惊喜矿脉则是再过X 小时可以收获一次积累3 次的惊喜矿脉，低概率收获宝石。,1,s070-808b296c
s071,3,1.4.5 大小矿机采矿,96,96,采矿、大小矿机采矿,使用这种方法需要玩家在空地上放置一个采矿机，每隔X 小时可以收获一次，低概率收获宝石。大矿机为3.5 小时一收，小矿机为6 小时收一次。,2,s071-8fe5bd70
s072,3,1.4.6 挖碎星矿,96,100,位置、地图、挖碎星矿,碎星矿只能在十字星外边海底挖矿获得。碎星矿分布在岩浆附近和火山口附近。,8,s072-d4750371
s073,3,1.4.7 挖亚纳碎石,100,102,熟练度、劳动力、位置、地图、挖亚纳碎石,亚纳石碓分别在墟境之口在狂蟒墟境圈圈通道处。如图所示： 挖亚纳石碓需要熟练度至少有，如图所示; 亚纳碎石还可以通过挖去该地图矿洞内集中刷新的亚纳石碓获得，矿洞内的石碓产量更大，但有概率会吸引来其他玩家或者敌对玩家来抢夺石碓。,4,s073-cbc2f294
s074,2,1.5 巡山与野种,102,102,巡山、野种、巡山与野种,本节为“1.5 巡山与野种”的结构节点，正文主要分布在其子章节。,0,s074-fc41a191
s075,3,1.5.1 巡山是什么,102,102,巡山、野种、地图、巡山是什么,巡山指的是在野外地图（多为山间）到处闲逛，意图寻找到野外的公共资源和玩家野种的资源的行为。,0,s075-d8761e5f
s076,3,1.5.2 巡山的收益,102,102,巡山、野种、举报、收益、巡山的收益,可以获得其他玩家野种的资源。获得各种果实和原木。,1,s076-a6b812d1
s077,3,1.5.3 我需不需要巡山？,102,103,巡山、野种、劳动力、收益、我需不需要巡山？,如果你恰巧缺少某种果实，且知道在那篇区域刷新，或者知道那有野种的就可以去巡山，否则一般情况下不建议巡山，收益不是很大。当然你除了劳动力一无所有的话，巡山还是很适合你的。,0,s077-fdee9bc1
s078,3,1.5.4 野种是什么,103,103,野种、时间、野种是什么,野种指的是将种子或者种子捆在野外（非菜地）进行种植的行为。 野种主要推荐果树，尤其是生长时间长，占地面积大，容易死亡的果树。,0,s078-f83b676b
s079,3,1.5.5 野种的成本与收益,103,103,野种、劳动力、收益、野种的成本与收益,使用少许劳动力将占地面积巨大的东西种植在野外，节约了土地占有成本。 不过当今版本野种存在数量上限，一个账号为100 个单位。,0,s079-e3613019
s080,3,1.5.6野种的注意事项,103,104,野种、注意事项、1.5.6野种的注意事项,野种最好种植主线活动区域视野刷新范围以外，这样子可以最大程度的避免被偷东西和避免被砍伐树木。,0,s080-589d00e4
s081,3,1.5.7 庭院摘花,104,105,庭院摘花,庭院摘花可以获得庭院侦查分数和以下道具： 在下图对应颜色框内可以大量采集对应颜色的花：,5,s081-ce52a0d5
s082,2,1.6债券,105,105,债券、1.6债券,本节为“1.6债券”的结构节点，正文主要分布在其子章节。,0,s082-eb778e5e
s083,3,1.6.1 债券的种类,105,105,债券、债券的种类,债券根据获得方式，可以分为以下两种： ①蓝颜商会债券证书 （俗称的债券一般指的是这个） ②原大陆地区发展之证,2,s083-5c19dbbb
s084,3,1.6.2 蓝颜商会债券证书的获取,105,106,债券、制作、升级、蓝颜商会债券证书的获取,蓝颜商会债券证书可以通过以下五种方式获取： 1）住民面板每日刷新资材任务 2）地区住民NPC 每日资材和制作特产任务 3）升级房屋自带的债券任务 4）十字星平原和伊尼斯泰尔战争跑图任务 5）周六早上的攻城、守城参与奖励,0,s084-f7c74355
s085,3,1.6.3 原大陆地区发展之证的获取,106,106,原大陆地区发展之证的获取,原大陆地区发展之证可以通过以下几种方式获取： 1）原大陆前线基地面板每日刷新袋子箱子提交任务 2）原大陆住民前线基地每日活动任务（击杀该地区50 个怪）,0,s085-c59f3ec4
s086,3,1.6.4 蓝颜商会债券证书的用途,106,106,债券、债券货、制作、蓝颜商会债券证书的用途,蓝颜商会债券证书的用途主要为以下几种： 1）制作蓝颜商会运输品（也就是债券货） 2）提交给拥有住民资格的地区NPC 获取地区贡献，以参与地区发展3 阶段半个 月后的分红 3）在主城大厅处的噜噜NPC 处换取巨匠装备,0,s086-2127b949
s087,3,1.6.5原大陆地区发展之证的用途,106,106,披风、不推荐,原大陆地区发展之证的用途主要为以下几种： 1）在光芒海岸烟飨之庭附近的NPC 处兑换古代装备（不推荐） 2）提交给拥有原大陆住民资格的地区前线基地的进贡书记官获取地区贡献，以参与地区发展3 阶段半个月后的分红 3）兑换古代经验瓶子 4）兑换披风经验石头,0,s087-2533539c
s088,3,1.6.6 住民地区的阶段与分红,106,109,债券、劳动力、地图、制作、住民地区的阶段与分红,所有住民地区都有发展阶段（光明海岸除外），分为为： 发展等待阶段、发展1 阶段、发展2 阶段、发展3 阶段到达发展三阶段后可以解锁地区特有制作台或者商人同时半个月后会给有地区贡献的居民按贡献比例分红，并回归到发展等待阶段。 远大路住民地图可以通过消耗劳动力清扫尸体来获得贡献值，但是东西大陆只能通过提交债券来获得贡献值。,2,s088-735eeccb
s089,2,1.7星期限定活动,109,109,星期限定活动、1.7星期限定活动,本节为“1.7星期限定活动”的结构节点，正文主要分布在其子章节。,0,s089-c4e8f80f
s090,3,1.7.1 什么是星期限定活动,109,109,星期限定活动、黑炭、时间、什么是星期限定活动,星期限定活动指的是，只能在指定星期数进行接取和提交任务的活动。 该类活动在接取后会有一个24 小时的时间限制，需要在24 小时内完成该任务。,0,s090-05d58571
s091,3,1.7.2 周一跑黑色源晶精华（黑炭）任务,109,112,副本、黑炭、劳动力、周一跑黑色源晶精华、任务,周一可以在光芒烟飨之庭副本右边，或者主城看到以下NPC： 3 个阶段任务分别需要交7、14、28 包交易品，只有是获得的黑炭的，不管是东大西大对跑还是原大陆来回跑都能完成任务，是不是自己买的货对完成任务没有影响， 也就是说你可以让家族里一直跑黑炭的人货给你交做任务，你给他黑炭帮他节约劳动力。同样你打劫来的货一样可以完成任务。,8,s091-798a748d
s092,3,1.7.3 周二、六出海钓大鱼任务,112,113,钓鱼、副本、周二、六出海钓大鱼任务,在每周二、六你可以在光芒烟飨之庭副本右边，或者主城看到以下NPC： 对话后接取5 阶段钓鱼任务。 该任务如题所言，必须是出海钓大鱼并交了才能完成，淡水大鱼不能完成任务。,7,s092-83cee0f7
s093,3,1.7.4 周三挖宝箱、沉船、藏宝图任务,113,113,沉船、周三挖宝箱、藏宝图任务,本节为“1.7.4 周三挖宝箱、沉船、藏宝图任务”的结构节点，正文主要分布在其子章节。,0,s093-afe1e320
s094,4,任务流程,113,117,副本、海底宝箱、沉船、探险、熟练度、注意事项、任务流程,每周三重置后在光芒烟飨之庭副本右边，或者主城刷新任务NPC，NPC 如下图： 任务内容如下： 注意事项：沉船宝箱任务每阶段计分规则是不一样的，本攻略以完成5 阶段的计分标准来记述。 在探险熟练度达标的情况下，一船沉船为16 包货=48 积分，即1 包货=3 积分， 要挖上3 船沉船才能完成5 阶段任务，不过你可以重置前就开始找沉船，挖好后去光芒海岸，然后跳门…,11,s094-57c6ac52
s095,4,只做1阶段（搞海战币）,117,117,海底宝箱、只做1阶段、搞海战币,只需要挖8 个海底宝箱即可完成一阶段任务拿到海战币。,0,s095-0fc1d65a
s096,4,鱼币（分类为水产品）兑换道具,117,119,鱼币、分类为水产品、兑换道具,进入幻想岛后右转，找到以下兑换机： 这里面可以兑换的东西非常多，建议使用搜搜功能，方法如下： 先鼠标右键红色箭头①指向的材料，再在红色框里输入gold，再鼠标右键点击蓝 色箭头指向的搜索。如下图： 搜索后，第二个栏目即是可以兑换的内容，如下：,3,s096-f59f07a6
s097,3,1.7.6 周五前往自由岛跑稳定的龙骨精华任务,119,121,黑炭、龙骨,周五的跑龙骨任务和周一的跑黑炭任务一样，不管是哪买的谁买的货，只要是你交到自由岛的卖龙骨NPC 就能完成任务。 龙骨3 阶段任务和提交3 个任务的任务奖励如图： 3 阶段任务奖励宝箱内容如图： 随机赛艇图纸如下:,6,s097-822ac44d
s098,3,1.7.7周六跑内陆货任务,121,122,副本、普通货、星星货、发酵货、1.7.7周六跑内陆货任务,周六可以在光芒烟飨之庭副本右边，或者主城看到以下NPC： 他的任务是让你跑28 包金币货，不 管是普通货、星星货、肥料货、发酵货等 都是可以完成任务的。同样的该任务对制 作人也没有要求，你只需要交28 包货， 即可获得45 露露币 跑完28 包货后找 该NPC 提交任务即可获得45 个鲁鲁币。,2,s098-c349c7b8
s099,3,1.7.8 周日早上幻想岛钓鱼大赛,122,122,钓鱼、周日早上幻想岛钓鱼大赛,本节为“1.7.8 周日早上幻想岛钓鱼大赛”的结构节点，正文主要分布在其子章节。,0,s099-be1684eb
s100,4,参与流程,122,124,钓鱼、饰品、熟练度、时间、位置、参与流程,幻想岛钓鱼大赛开启时间为周日早上00：00，结束时间为中午12：00. 可以在幻想岛如下位置接取任务： 靠近这个NPC 接取任务后会给一个钓竿（性能特别垃圾），后续钓鱼流程和正常钓大鱼一样，不过幻想岛钓大鱼只会出粉红枪鱼，按长度计算排名，最长的是幸运的粉红枪鱼。 卖鱼位置如下： 幻想岛钓大鱼排名高会有蓝颜贝奖励，不同名次都会有币奖励，幻想岛钓鱼币可以换加钓鱼…,4,s100-5669e3a8
s101,4,幻想岛钓鱼币兑换道具,124,125,钓鱼、幻想岛钓鱼币兑换道具,进入幻想岛后右转找到下图NPC 即可： 冷知识：获取/消耗排名币兑换也是这个NPC。,1,s101-5b9e65b8
s102,2,1.8 仙境（wonderisland）,125,125,仙境、wonderisland,本节为“1.8 仙境（wonderisland）”的结构节点，正文主要分布在其子章节。,0,s102-288cbb11
s103,3,1.8.1 什么是仙境,125,125,仙境、地图、NA、什么是仙境,仙境是NA 自制的活动地图（长期存在），当你的装备评分超过7000 后，可以通过主城（玛瑞诺普）喷泉处传送门进去，也可以通过传送门家具进入。如图所示：,2,s103-464e7bdb
s104,3,1.8.2  仙境的收益,125,126,仙境、收益、位置、仙境的收益,完成每日任务可以获得仙境币，完成一定次数后可以达成成就。 成就会给一个宝箱，宝箱里含有成就对应天数的帕洛斯、荣耀之星和仙境币。,1,s104-3660e853
s105,3,1.8.3 仙境门票任务,126,132,钓鱼、仙境、时间、位置、地图、仙境门票任务,仙境任务并非每日刷新了就能做，你需要有门票才能做仙境任务，如果昨天的门票没过期可以不用接购票任务，购票任务在下图NPC 处接取： 然后去图片所在小亭子处购买门票 按F 交互后可以得到如下门票： 只要你手里有门票便可以做以下④个任务： ①仙境钓鱼②仙境挖矿③捕捉格罗亚④酒馆送货 各位置和完成流程如下： ①先到图示地图找到NPC 接取NPC 之前像正常钓小鱼一样…,13,s105-7d7dbb7b
s106,3,1.8.4 仙境购买任务（2阶段任务）,132,135,仙境、熟练度、仙境购买任务、2阶段任务,在仙境里面有些任务即便你拥有免费的门票还是不够的，你需要用仙境币去购买图示道具才能解锁这些任务。 15 个仙境币可以买7 天的书，右键书可以获得一个仅在仙境保留的BUFF。,2,s106-1379705d
s107,2,1.9 保管箱,135,135,保管箱,本节为“1.9 保管箱”的结构节点，正文主要分布在其子章节。,0,s107-4e01b96c
s108,3,1.9.1 保管箱的种类及其优缺点,135,136,保管箱、时间、保管箱的种类及其优缺点,保管箱分为以下四种： ①黄泉保管箱 ②保管箱 ③次元保管箱 ④随身保管箱 黄泉保管箱 优点：可以放入绑定物品（任务道具除外），而且容量大。 缺点：一个房屋仅能放置一个，不可以调整权限，仅限自己使用。,0,s108-4ea16e34
s109,3,1.9.2 各类保管箱的获取,136,136,保管箱、制作、各类保管箱的获取,保管箱一共有六种获得方式，分别是： 1）制作 2）点券购买 3）拍卖行购买 4）开箱子获得 5）活动获得 6）成就获得（只有随身保管箱）,0,s109-c247c79e
s110,3,1.9.3 随身保管箱可装入物品展示,136,147,保管箱、升级、随身保管箱可装入物品展示,各个随身保管箱和其可装入物如下图所示： 下面这个保管箱是上面这个的升级版，下面图片仅展示可以额外放入的物品。 下面这个保管箱的可以放入内容是：藏宝图和遗物,40,s110-26db5bbe
s111,2,1.10 委托,147,147,委托,本节为“1.10 委托”的结构节点，正文主要分布在其子章节。,0,s111-f45ee460
s112,3,1.10.1制作和登记委托,147,150,委托、时间、位置、制作、1.10.1制作和登记委托,首先我们要先确认想要制作的道具能否登记委托。 要知道挂委托能不能挂，有些制作是不能挂委托的。,5,s112-d7878cc6
s113,3,1.10.2 接受委托,150,153,委托、熟练度、劳动力、制作、接受委托,玩家可以在住民会馆旁边的制作委托公告板上接受委托。 走过去会出现交互键，交互后会出现目录。,3,s113-0f1a1c94
s114,2,1.11 生活类每日任务,153,153,生活类每日任务,本节为“1.11 生活类每日任务”的结构节点，正文主要分布在其子章节。,0,s114-38b54736
s115,3,1.11.1 蓝颜商会每日任务（生活熟练度达到5W解锁）,153,155,采矿、熟练度、蓝颜商会每日任务、生活熟练度达到5W解锁,农业熟练度达标后给农业捆浇水即可按G 接取上图任务。 采集熟练度达标后给采集捆浇水即可按G 接取上图任务。,4,s115-9ddd8052
s116,3,1.11.2 复活点每日任务,155,156,副本、复活点每日任务,复活点每日任务顾名思义是可以在复活点处接到的每日任务，任意复活点都可以， 包括副本里面的，只要看到如下NPC 即可： 在上图NPC 中可以接到3 个英文任务，如下： 任务要求分别是： ①无（接到即完成） ②提交10 个石材 ③提交100 个百合花 三个任务加起来一共可以获得5040 生活点。,2,s116-f8c93fba
s117,3,1.11.3 蓝颜商会的贡品任务,156,157,制作、蓝颜商会的贡品任务,蓝颜商会的贡品任务可以在农夫工作台或者稻草人工作台制作，可以获得蓝颜贝、 生活点和德翡纳之星。 制作材料如下： 从左往右，材料中的肉分别是鸡肉、鸭肉、鹅肉。,6,s117-328c20c9
s118,3,1.11.4 每日跑商任务（给幸运币）,157,160,跑商、普通货、星星货、商团货、发酵货、地图、每日跑商任务、给幸运币,可以在各个地图的住民会馆NPC 处接取到两个英文任务，NPC 如下： 任务一如下： 任务要求跑20 个普通特产（普通货、星星货），商团货（肥料，住民特产）和发酵货不计入任务数量。 任务二如下： 任务二要求出海钓20 条海鱼并卖掉。,4,s118-aa38fb24
s119,3,1.11.5 商城兑换幸运币商品,160,161,熟练度、商城兑换幸运币商品,货币可以在商城兑换一些道具，对应页面进入流程如下： 先按N 键打开商城，再点击箭头指向红框①，进入货币界面，点击蓝框②就可以看到幸运币可以兑换的内容了，都是不限量的，只要有币就可以一直买。 操作图示如下： 推荐购买第二页的熟练度卷轴或者2 个拾取珠子。,2,s119-3d651794
s120,2,1.12 妖精管家,161,161,妖精管家,本节为“1.12 妖精管家”的结构节点，正文主要分布在其子章节。,0,s120-e8a6efc8
s121,3,1.12.1 妖精管家是什么,161,161,种地、跑商、妖精管家、劳动力、时间、妖精管家是什么,妖精管家是代替你干农活儿的，像收地、挤奶、采果、剃毛、跑商等，不需要你费时间打理这些，材料准备好交给它处理就行了。 想让妖精管家帮你种地，肯定需要准备一些东西。,0,s121-47a87be1
s122,3,1.12.2 妖精管家的刻印,161,162,妖精管家、妖精管家的刻印,想使用妖精管家，必须先刻印（直接理解为激活），刻印只需要刻印1 次就可以永久使用。刻印只能刻印自己的建筑物。,1,s122-71c46f76
s123,3,1.12.3 妖精管家面板介绍,162,168,妖精管家、熟练度、劳动力、收益、时间、不推荐、制作、升级、妖精管家面板介绍,按下SHIFT+H 键可以唤出妖精管家面板。 蓝色框部分：可以切换妖精管家面板、菜地面板和贸易面板。,9,s123-7c33bab6
s124,3,1.12.4 妖精管家装备,168,171,跑商、妖精管家、熟练度、升级、觉醒、妖精管家装备,管家装备分为2 种： 1）生活点购买的 2）点券购买的 点券买的性能会更加好， 而且1）升级后会变成跑商的 装备，而2）可以买指定类型 的熟练度装备，可以用点券买 的觉醒券来觉醒。觉醒后属性 为对应的+7000，其他熟练度 +5000。,6,s124-b7f866cc
s125,2,1.13 帕洛斯商店,171,171,帕洛斯商店,本节为“1.13 帕洛斯商店”的结构节点，正文主要分布在其子章节。,0,s125-cfbd109d
s126,3,1.13.1 怎么进入帕洛斯商店,171,171,帕洛斯商店、怎么进入帕洛斯商店,游戏画面右下角，如图所示即为帕洛斯商店：,1,s126-1de0d91a
s127,3,1.13.2 帕洛斯商店内容,171,173,帕洛斯商店、帕洛斯商店内容,帕洛斯商店每天都会刷新，会出时装、内衣、战宠、格罗亚、坐骑、BUFF 药、 豆奶、传送门皮肤。价格为幻想岛兑换的80%，每次刷新都有概率在此基础上再打折。,1,s127-257ee570
s128,3,1.13.3 帕洛斯商店可刷新全部物品,173,174,帕洛斯商店、帕洛斯商店可刷新全部物品,待更新,0,s128-feb2517e
s129,1,第二章 PVE篇,174,174,副本、世界BOSS、日常、周常、玩家推进、神之庭院、BOSS、第二章、PVE篇,PVE 篇内容及其简介 PVE 篇主要包含以下五大内容： 1）各种副本 2）世界BOSS 3）日常与周常 4）玩家推进活动 5）神之庭院,0,s129-e02ceaff
s130,2,2.1 副本,174,174,副本,本节为“2.1 副本”的结构节点，正文主要分布在其子章节。,0,s130-b56235c4
s131,3,2.1.1 副本的种类,174,175,副本、收益、不推荐、副本的种类,副本根据性质可以分为以下五种： ①普通副本 ②英雄副本 ③跨服副本 ④团队副本 ⑤单人副本 其中可以单刷获得最大收益的有： ①（不推荐） ②⑤,0,s131-2f2aecd1
s132,3,2.1.2 普通副本,175,175,副本、武器、普通副本,随着角色等级逐渐解锁的副本， 分别为： 王宫下水道、风刃废矿、燃烧之城武器库、哈迪尔农场、呼啸深渊、毁灭之源。 但是游戏内说这些名字一般指代他们的英雄级副本，即所谓的H 本。,0,s132-d88d96bb
s133,3,2.1.3 英雄副本,175,184,副本、防具、武器、饰品、时间、注意事项、BOSS、英雄副本,角色到达55 级后解锁的副本。游戏内会加【英雄副本】的前缀。,25,s133-f98f4b39
s134,3,2.1.4 英雄副本的收益分析,184,187,保管箱、副本、防具、武器、饰品、收益、时间、BOSS、英雄副本的收益分析,单刷副本毕业参考时间（以法师为例，从过图结束开始计时）如下： 武器库100s 农场185s 废矿150s 下水道190s （能跳过所有屏障） 下水道280s（不能跳过所有屏障） 呼啸470s 呼啸只刷第一个BOSS 蛇需要100s 娜刹什伽尔F 130S 英雄副本每天可以免费进入3 次，之后需要用副本刷新券才能再次进入，进入次数越多，所需要的券就越多。除了武…,1,s134-3f4487a5
s135,3,2.1.5 跨服副本,187,187,副本、跨服副本,跨服副本包括以下： 伊弗尼尔的黄金圣所、诺尔耶无限大战、沉入深渊的埃尔纳图书馆、永恒之岛、 烟飨之庭。,0,s135-7ea91b9a
s136,4,伊弗尼尔的黄金圣所,187,188,收益、觉醒、伊弗尼尔的黄金圣所,正常刷本流程参考贴吧君思文大佬攻略： https://tieba.baidu.com/p/7313567668?see_lz=1圣所卡BUG 流程可以参考视频：待更新伊弗尼尔的黄金圣所卡BUG 流程仅打老二和老四。 卡BUG 前你需要准备一个额外的天赋页和足球鞋。,2,s136-2b6849a9
s137,4,诺尔耶无限大战,188,189,收益、BOSS、诺尔耶无限大战,攻略流程可以参考笔者B 站视频： 30 和50 收益分别为： 打50 层主要是为了深渊碎片，5 个可以合成一个随机的圣所石头，不是自己想要的可以分解成碎片。 可以通过以下流程查看圣所石头属性： 诺尔耶只要输出足够，参与人员知晓机制并且没有死亡，就会5 层5 层跳关，不需要一层层的打。,3,s137-a6269748
s138,4,沉入深渊的埃尔纳图书馆,189,190,地图、BOSS、沉入深渊的埃尔纳图书馆,老一老二老三如果队伍输出足够就不用担心机制。 老一的机制是BOSS 身上会出现有颜色的光球，你需要去触碰同颜色的光球来避免BOSS 的高额伤害。,0,s138-4386085e
s139,4,永恒之岛,190,190,永恒之岛,输出足够爆炸的话，有没有戒指都没影响。不是毕业装备队伍最好还是带上戒指（伊尼斯、公主梦、大象戒指其中一个）。,0,s139-379bee6b
s140,4,烟飨之庭,190,192,地图、BOSS、烟飨之庭,（新版本烟飨可以直接快速进入） 输出够走中间大路，不够走旁边机制小路。不管走那边都要记得打完怪后拿箱子里的钥匙开门。,0,s140-7a2e9522
s141,3,2.1.6 团队副本,192,192,副本、收益、团队副本,团队副本有以下3 种： ①红龙巢穴②血之使者卡杜姆③悉拉玛卡的末日 收益最高的是①，②偶尔也有人打但是不多，③则是完全没人打，所以本篇攻略不做展开。 1 ②③的装备评分要求分别为：5000、8000、4000,0,s141-24f7eef8
s142,4,①红龙（RD）,192,193,时间、BOSS、①红龙、RD,1 红龙（RD） 红龙属于人多比较好打的BOSS，只要准点去排就好。可以进入时间为： 中国时间一三五七晚上7：30 和11：00；一二四六早上8：00。,2,s142-6f981738
s143,4,②卡杜姆（kadum）,193,195,时间、位置、BOSS、②卡杜姆、kadum,2 卡杜姆（kadum） 这个BOSS 难度较高，如果你们团里人都不都你机制导致人死完了，那么可能到黄金你们都打不死这个BOSS，但是知道机制后这个BOSS 难度其实也就一般。（尤其是现在版本装备好很多，难度其实以及大大下降，30 人都能很快打死） 卡杜姆的进入时间和红龙刚刚好岔开，如下： 中国时间二四六七晚上7：30 和11：00；一三五七早上8：00。,2,s143-f818bd86
s144,3,2.1.7 单人副本（冥界之夜）,195,195,副本、单人副本、冥界之夜,刷本流程参考B 站视频：BV1h44y1c7RV NPC 任务参考苏夭夭大佬攻略：https://tieba.baidu.com/p/6747068489?see_lz=0,0,s144-11c2a8b6
s145,3,2.1.8 势力对决（黄金）,195,199,副本、势力、时间、位置、地图、势力对决、黄金,俗称的黄金，指的是势力对决里的势力荣誉战场，不是战场里的黄金平原大乱斗。 进入黄金流程如图： 这些图标在游戏画面右下角。,7,s145-376c2fd1
s146,3,2.1.9 工会副本,199,200,副本、工会副本,待更新,0,s146-46cc3273
s147,3,2.1.10 战场副本（跑海必看）,200,200,副本、战场副本、跑海必看,战场副本指的是在副本界面里战场一栏的所有项目，包括海战、角斗场、烟飨等。 攻略里将主要介绍海战副本，内容包括如何刷海战币和如何使用海战币兑换道具,0,s147-950c90ce
s148,4,海战,200,203,势力、地图、海战,进入海战的方式如下： 点开后选择队伍加入，然后准备即可。 注意！,4,s148-43154fe7
s149,4,兑换海战币道具,203,206,势力、兑换海战币道具,海战币的兑换地点有2 个，自由岛和光芒势力主城，其中海盗只能去自由岛兑换。 兑换台子如下红框： 自由岛的兑换台子和上面的外形一样。,3,s149-fe15d65f
s150,2,2.2 世界BOSS,206,206,世界BOSS、BOSS,本节为“2.2 世界BOSS”的结构节点，正文主要分布在其子章节。,0,s150-1b14223c
s151,3,2.2.1世界BOSS的定义和相关术语,206,206,世界BOSS、地图、BOSS,世界BOSS 指的是出现在公共地图上的，服务器内所有玩家都可以看到并进行攻击的BOSS。 术语如下： TS：原版杀戮风暴,0,s151-629a958c
s152,3,2.2.2 参加攻打世界BOSS活动的前置要求,206,206,世界BOSS、BOSS,部分BOSS 由于机制、PVP、数值的影响，想要加入这些BOSS 的击杀团队需要满足一定的条件。具体条件参考各个BOSS 目录或者咨询群内最新要求。,0,s152-4164d666
s153,3,2.2.3 参加攻打世界BOSS活动的收益,206,207,世界BOSS、收益、BOSS,击杀BOSS 后会掉落头领强化剂，可以ROLL 点获取。 击杀BOSS 后可以获得任务奖励。,0,s153-d492d943
s154,3,2.2.4 利维坦与卡里迪斯,207,207,利维坦与卡里迪斯,利维坦参考贴吧攻略：https://tieba.baidu.com/p/7121220239?see_lz=1,0,s154-e9ad4b49
s155,3,2.2.5 克拉肯（kraken）,207,208,BOSS、克拉肯、kraken,参考视频：待更新 任务团无装备评分要求，要求提前到克拉肯下岛准备，如果准备参加周日晚上 10：30 的克拉肯，那么你就要放弃噩梦。 克拉肯刷新时或者进入战斗状态时在附近可以接到以下任务： 打死BOSS 会爆触须和墨囊，可以去鱼类贩卖台卖钱，数量有限，需要手速快， 有可能被红名打，小号自求多福。,1,s155-c359c3b0
s156,3,2.2.6魔法机甲兵器（大甲虫）与安琪仕,208,211,BOSS、2.2.6魔法机甲兵器、大甲虫、与安琪仕,参考视频：待更新 魔法机甲兵器（大甲虫）在魔法之地接每日任务处NPC 接取，无论甲虫是否已经开始打。 红框处NPC 接取任务， 蓝框处传送到打BOSS 的地 方。,12,s156-3e0b7936
s157,3,2.2.7 摩尔普斯与兰格莉,211,212,摩尔普斯与兰格莉,内战结束后更新,0,s157-c6f066c9
s158,3,2.2.8 黑龙（BD）,212,213,时间、BD、BOSS、黑龙,黑龙参考视频：BV1aM4m127FU 进黑龙团需要你首先达到以下4 个条件： 1）装备评分达到一万六千分及以上 2）在满BUFF 下血量达到四万及以上 3）进入语音频道听从指挥 4）知晓黑龙BOSS 机制 黑龙主要有以下机制： 大地强击、黑色气息侵袭、黑龙鳞片、裂岩斩。黑龙这些技能都是有读条的，非极限情况都是可以避开的。,0,s158-57cd783d
s159,3,2.2.9 雷神巨翼青鸾（大鸟、TWT）,213,213,TWT、雷神巨翼青鸾、大鸟,内战结束后更新,0,s159-cebabed6
s160,3,2.2.10 庭院安塔伦,213,213,庭院安塔伦,内战结束后更新,0,s160-772e5498
s161,3,2.2.11 叛乱系列BOSS（待更新）,213,213,位置、BOSS、叛乱系列BOSS、待更新,叛乱系列BOSS 除了每次服务器维护后较少有人开团。 公主梦戒指任务需要击杀该系列BOSS，具体情况请参考戒指攻略。,0,s161-a6676350
s162,3,2.2.12 美杜莎、格蓝与蕾娜（JMG）,213,215,时间、位置、JMG、BOSS、美杜莎、格蓝与蕾娜,JMG 指的是美杜莎、格蓝和蕾娜3 个BOSS。一般开团只击杀1 阶段BOSS 二不击杀2 阶段BOSS。,3,s162-efb00d8f
s163,3,2.2.13 神之庭院战争BOSS,215,217,神之庭院、位置、BOSS、神之庭院战争BOSS,神之庭院每次进入战争状态都会刷新4 只BOSS，其中3 只位置固定，安塔伦影子在2 个地方随机刷新（维护后不刷新）。 击杀完4 个BOSS 后的等级分数如图所示： 一般英雄都会开团带领大家去击杀BOSS。,4,s163-53a20a70
s164,3,2.2.14 纳扎尔,217,218,位置、BOSS、纳扎尔,纳扎尔刷新位置在自由岛下方海底，如图所示： 纳扎尔属于公主梦戒指任务所需BOSS，一般较少开团。（周日晚上打完克拉肯可以注意有没有开团）。,3,s164-d086c45a
s165,3,2.2.15 德翡纳幽灵船,218,218,势力、黑炭、时间、德翡纳幽灵船,中国时间周一二四六早上9 点刷新在黄金之海，10 点消失。 轮流刷新在靠近西大和靠近东大的海域。,0,s165-a50beb47
s166,3,2.2.16 海盗守卫BOSS,218,220,BOSS、9.5、海盗守卫BOSS,海盗守卫BOSS 只有摩尔普斯和兰格莉是有任务的，守卫德翡纳幽灵船只有传送门和奖励（9.5 开始有任务了）。摩尔普斯和兰格莉消失后的箱子都是只能摸一次，任意一个玩家摸了之后，其他玩家就不能摸了。,2,s166-d1f8ea2d
s167,2,2.3 日常活动（daily）,220,220,日常、daily、日常活动,本节为“2.3 日常活动（daily）”的结构节点，正文主要分布在其子章节。,0,s167-2f58b5b0
s168,3,2.3.1 什么是日常活动,220,220,日常、时间、什么是日常活动,游戏内每次经过日期刷新时间就可以接取任务的活动为日常活动。,0,s168-f48edfd8
s169,3,2.3.2 日常活动的种类,220,220,日常、时间、日常活动的种类,日常活动按时间分为两种： ①游戏指定时间开始 ②现实指定时间开始,0,s169-7123212f
s170,3,2.3.3 日常活动的参与,220,222,日常、BOSS、日常活动的参与,大部分日常活动可以在每日固定的日常活动团队中完成。一次最多2 个团队100人，满团的话一般只能等下一次了。,4,s170-3fb22497
s171,3,2.3.4 日常活动的收益,222,222,日常、收益、BOSS、日常活动的收益,日常活动的主要收益是荣誉和瓶子选择箱子，其余的有完成每日挑战给的奖励， 工会每日任务给的奖励。还有就是日常活动BOSS 死亡后概率掉落的每人一份金箱子， 以及概率掉落团队roll 点的头领强化剂。,0,s171-d31e7f69
s172,3,2.3.5 征兆（CR）与噩梦(GR),222,222,CR、GR、BOSS、征兆、与噩梦,注意！！,0,s172-b1333006
s173,4,征兆,222,224,时间、位置、地图、征兆,时间为游戏中午12：00 开始出怪。 西大陆可在十字星住民如下NPC 处接到任务： 东大陆可在伊尼斯住民或者卡诺维德的隐月抵抗军NPC 处接到任务。,3,s173-4b52db17
s174,4,噩梦,224,229,时间、位置、BOSS、噩梦,任务只要游戏到晚上，西大陆就可以在十字星住民牌子处接任务，如下： 西大陆接到任务后前往监视者营地交任务，任务内容一般为随机10 个材料，提 交任务NPC 如下图： 游戏时间0：00 后，在十字星监视者营地蓝框位置位置会刷任务要求运送货物， 每人需要交2 个，你可以交其他玩家背过来放到地上的。蓝框位置即为货物刷新位置。,8,s174-c2af709b
s175,3,2.3.6 悉拉玛次元裂隙（hiram rift）,229,230,觉醒、BOSS、悉拉玛次元裂隙、hiram、rift,游戏内晚上9 点开始，可以在悉拉玛山脉西部的悉拉玛洞窟接任务。 ！,3,s175-750b8975
s176,4,悉拉玛山脉西部地图刷新点位及英文如下：,230,230,地图,River 米内河下边 South Illusion 幻影洞窟右边 Ruins 悉拉玛卡 Illusion 娜刹什崇拜之地,0,s176-b0881281
s177,4,悉拉玛山脉东部地图刷新点位及英文如下：,230,231,地图,Black 黑森林营地上方 Hall 勇士殿堂下方 Falls 阶梯瀑布下方,0,s177-d6888d8d
s178,3,2.3.7 领地（castle）,231,237,日常、势力、时间、位置、领地、castle,（海盗由于无法获取领地，无法做领地任务，不过海盗有别的任务补充，详细见 海盗每日部分） 每日任务团时间会有英雄开团带领大家完成50 个领地动物击杀任务领地运货任务和领地做货任务可以自行完成。 领地送货任务和领地缺少的货物任务需要在英雄开启后才能接取和完成。,11,s178-f0e6c8cb
s179,3,2.3.8 悉拉玛山脉东部（mammoth/tree）,237,239,日常、BOSS、悉拉玛山脉东部、mammoth、tree,东部日常任务为2 个BOSS 击杀任务。 也就是俗称的大树大象。,4,s179-9006caaa
s180,3,2.3.9 芦苇地与魔法之地,239,241,BOSS、芦苇地与魔法之地,芦苇地和魔法之地每日任务的作用都是积累BOSS 挑战积分，BOSS 挑战积分达标后会直接开启BOSS 战，因此在最后一次任务团中请不要着急提交任务。 芦苇地任务可在下图NPC 处接取： 任务内容如下： 魔法之地任务可在下图NPC 处接取： 任务要求及奖励如下：,4,s180-2b43a225
s181,3,2.3.10 伊弗尼尔山,241,245,位置、伊弗尼尔山,伊弗尼尔山的每日任务奖励是给箱子，如图： 开箱子可以获得娜刹什币，如下图： 继承者40~44 级情况下一个箱子给17 个币，45 级是18 个，每多提升5 级都可以多获得一个币，最高的继承者70 级一个箱子可以获得23 个币。 建议在伊弗尼尔之翼接取任务，这样子所有每日都可以接到。,8,s181-2cf63f01
s182,3,2.3.11 娜刹什入侵与大草原神兽争夺战,245,245,娜刹什入侵与大草原神兽争夺战,本节为“2.3.11 娜刹什入侵与大草原神兽争夺战”的结构节点，正文主要分布在其子章节。,0,s182-b4574d31
s183,4,娜刹什入侵（invasion）,245,247,位置、娜刹什入侵、invasion,每周一六晚上8：30 会开娜刹什入侵的团，西大陆负责支部开始的下半部分区域， 东大陆负责悼念碑开始的上半部分区域。 入侵剩余36：00 分会刷新入侵任务、光球、指南针和眼睛。,3,s183-cadacbf6
s184,4,大草原神兽争夺战,247,247,势力、大草原神兽争夺战,西部大草原进入战争后，玩家可以在各自的势力总部接取到2 个争夺战任务。 注意！,2,s184-996d0427
s185,4,注意！！！,247,248,注意！！！,不管是娜刹什入侵还是神兽争夺战，在快胜利时都不能跳门，否则可能因为过图导致错失胜利的箱子奖励！,0,s185-ee84678f
s186,3,2.3.12 原大陆住民活动任务,248,250,势力、地图、原大陆住民活动任务,3 阶段之前，只有提交箱子袋子和该地图50 怪的任务，3 阶段后会有一个挖尸体（给该地图贡献）的任务。 住民活动任务可以在每个地图的前线基地处接取，如下： 在红框处NPC 可以接取击杀50 怪的活动任务。,3,s186-8ca774b0
s187,3,2.3.13 公会日常活动任务,250,257,日常、地图、制作、BOSS、公会日常活动任务,公会日常活动任务在会长开启后（对公会等级和经验有要求），可以在各个地图的远征队管理员处接到任务，NPC 如下： 找到5 个远大路琥珀： 找5 个远大路水桶或者书籍下的宝箱： 任务奖励的袋子，可以开出随机BUFF。 参加征兆： 参加黄金或者芦苇地击杀75 怪： 击杀40H 关底BOSS： 任务奖励箱子自选内容： 击杀鲸鱼BOSS 扎卡鲁： 击杀烛台活动小怪：…,16,s187-e25fea78
s188,3,2.3.14 娜刹什之证商人与娜刹什入侵胜利商人,257,259,势力、不推荐、BOSS,娜刹什之证商人可以在势力主城处和浮空岛处找到，如下： 娜刹什之证商人商店内可购买道具每日刷新购买次数，推荐购买东西如下： 娜刹什入侵胜利商人会在娜刹什入侵胜利后刷新在机甲兵团支部，每日每个角色随机刷新可购买道具。包括伊弗南的勇气、伊弗南的忍耐、伊弗南的智慧、太初古代经验瓶子、太初BOSS 经验瓶子、二阶段突破石。,4,s188-5257b5e1
s189,3,2.3.15 每日任务概率刷新的海虫刷新点,259,262,每日任务概率刷新的海虫刷新点,寂静之海： 迷途之海： 黄金之海：,6,s189-2351b3d0
s190,3,2.3.16 幽灵船,262,266,黑炭、熟练度、收益、位置、幽灵船,击杀幽灵船可以完成每日德翡纳之星的任务，在残骸处宝箱内可以获得石板，石板可以去自由岛或者双冠丘陵贩卖得到黑炭。 幽灵船只在迷途之海刷新6 个，被打后1 小时后刷新。,6,s190-5f16d9b6
s191,3,2.3.17 海盗藏宝图每日,266,268,位置、海盗藏宝图每日,海盗每日给斑驳的新月硬币，可用来换称号或者外观。硬币如下图： 获取新月硬币的每日任务可以在海盗老巢的NPC 处接取，如下图： 对话接取任务后，去咆哮岛回城点附近找NPC。,4,s191-e32cf478
s192,3,2.3.18 海盗每日,268,269,海盗每日,待更新,0,s192-d6df310f
s193,2,2.4 周常活动（weekly）,269,269,周常、weekly、周常活动,本节为“2.4 周常活动（weekly）”的结构节点，正文主要分布在其子章节。,0,s193-163e99b8
s194,3,2.4.1 什么是周常活动,269,269,日常、周常、时间、什么是周常活动,游戏内每次经过星期（一周时间）刷新时间就可以接取任务的活动为日常活动。,0,s194-f9fb942d
s195,3,2.4.2 周常活动的种类,269,269,周常、周常活动的种类,根据提升对象，可以将周常分为以下两类： 1）古代周常 2）升星周常,0,s195-f3cdd757
s196,3,2.4.3 周常活动的参与,269,269,日常、周常、位置、周常活动的参与,每周日的日常团队会自动变成日常+周常团队，其中下午4 点的XAN 团（西大陆） 是全流程团，从1 阶段古代周常开始打，所以会非常的磨叽。周日的团队位置会非常紧张，建议提前进团且不要中途退出。,0,s196-78561c33
s197,3,2.4.4 周常活动的收益,269,270,周常、收益、觉醒、周常活动的收益,通过完成周常任务我们可以获得以下内容： 1）各阶段古代瓶子 2）各阶段古代觉醒卷轴 3）庭院瓶子 4）娜刹什之证,0,s197-c0070d28
s198,3,2.4.5 悉拉玛山脉东部周常（EHM）,270,272,周常、位置、EHM、悉拉玛山脉东部周常,东部周常任务的接取位置和内容如下： ①迷雾草原营地 ②阶梯瀑布营地 迷雾草原任务要求及奖励如下： 阶梯瀑布任务要求及奖励如下：,4,s198-3dcb0d05
s199,3,2.4.6 悉拉玛山脉西部周常（WHM）,272,273,周常、位置、WHM、悉拉玛山脉西部周常,西部周常任务的接取位置为： 幻影洞窟 西部周常任务合并为刷100 个怪，奖励如下：,2,s199-a02df606
s200,3,2.4.7 伊弗尼尔山周常,273,275,周常、位置、伊弗尼尔山周常,需要玩家角色达到继承者20 级之后才能接取该系列周常。 伊弗尼尔山周常任务的接取位置为： ①伊弗南追悼碑 ②机甲兵团支部 任务要求及奖励合并为如下；,3,s200-3d6cf849
s201,3,2.4.8 守护原大陆周常,275,277,周常、位置、守护原大陆周常,守护原大陆周常任务的接取位置为： 1 光芒海岸②芦苇地 光芒NPC 在下图位置： 任务内容为光芒海岸或者煦日之野100 怪： 芦苇地任务在如下位置接取： 任务内容为芦苇地或者墟境之口100 怪：,4,s201-03e0efc0
s202,3,2.4.9 西部大草原周常,277,278,周常、位置、西部大草原周常,周常任务NPC 及位置如下： 任务如下:,2,s202-d0c7d845
s203,3,2.4.10 海盗掠夺原大陆周常,278,279,周常、海盗掠夺原大陆周常,海盗这个周常其实就是东西大的守护原大陆周常，奖励和要求都一样，只是接取任务的NPC 不一样。 接任务NPC 如下： 其余内容参考守护原大陆周常。,0,s203-15736f4b
s204,2,2.5 玩家推进活动,279,279,玩家推进、玩家推进活动,本节为“2.5 玩家推进活动”的结构节点，正文主要分布在其子章节。,0,s204-0cb47e06
s205,3,2.5.1 什么是玩家推进活动,279,279,玩家推进、地图、什么是玩家推进活动,需要玩家通过各种游戏内活动来满足活动开启条件的，都称之为玩家推荐活动。 玩家活动如：击杀该地图怪物，完成该地图任务，击杀玩家等。,0,s205-0082b85c
s206,3,2.5.2 玩家推进活动的种类,279,279,债券、玩家推进、BOSS、玩家推进活动的种类,根据触发任务类型分为以下两种： ①荣誉类（鲸鱼、烛台） ②债券类（十字星平原与伊尼斯泰尔的战争跑图） ③开启BOSS 挑战类,0,s206-1caf436a
s207,3,2.5.3 玩家推进活动的参与,279,279,玩家推进、地图、玩家推进活动的参与,当鲸鱼烛台达到5 阶段后，或者有人开始组织推这些地图的战争阶段后就可以加入他们的团队。 注意：在有国人团队时，请不要加入敌对老外团队，以免被误伤。,0,s207-d70a133b
s208,3,2.5.4 玩家推进活动的收益,279,280,债券、玩家推进、收益、地图、玩家推进活动的收益,所有类型的推荐活动都可以获得荣誉。 在玩家有接取公会每日任务的情况下，鲸鱼可以在打完扎卡鲁后获得2 个豆奶， 烛台可以获得古代修复卷轴碎片X3。,0,s208-15c3d683
s209,3,2.5.5 鲸鱼（WH）与烛台（AG）,280,282,BOSS、鲸鱼、WH、与烛台、AG,鲸鱼和烛台在开始战争5 分钟后才会出怪，在打完BOSS 后，会刷新卖对应道具的走私鲁鲁。烛台是卖毒囊，鲸鱼是卖甲胄。,4,s209-b3c517bf
s210,3,2.5.6 十字星平原(CR)与伊尼斯泰尔(YNY)的战争,282,285,债券、位置、地图、CR、十字星平原、与伊尼斯泰尔、YNY、的战争,十字星平原和伊尼斯泰尔在纷争结束后会在该地图住民会馆旁边刷新跑图任务 NPC，如下： 红框为跑图开始时出现并接取任务的NPC，蓝框为跑图结束和平后出现的接取债券任务的NPC。 跑图任务如下： 如果一次没做完，可以放弃上图任务，下次接任务可以保留分数进度一样可以拿到和平的债券任务。,5,s210-b8312460
s211,2,2.6 神之庭院,285,285,神之庭院,本节为“2.6 神之庭院”的结构节点，正文主要分布在其子章节。,0,s211-46041b64
s212,3,2.6.1 什么是神之庭院,285,285,副本、神之庭院、什么是神之庭院,神之庭院是一个类似副本的地方，不可以唤出载具，不可以挂机。只能通过世界之脐来进入。,0,s212-6b8e2cf6
s213,3,2.6.2 怎么进入神之庭院,285,286,神之庭院、怎么进入神之庭院,玩家可以通过悉拉玛山脉东部的世界之脐的庭院之门来进入神之庭院。 注意：如果想要换称号或者敲鼓什么的，请在庭院外进行，进去后就不能进行这些操作了。,1,s213-9f0399d0
s214,3,2.6.3 庭院侦查分数的获得,286,287,钓鱼、神之庭院、时间、BOSS、庭院侦查分数的获得,最简单的方法当然是花1000 金请个大佬带你刷到6 阶段。（滑稽） 在图示的妖精NPC 处接取任务后，即可开始获得庭院侦查分数： 摘花、钓鱼、刷怪、参与击杀庭院BOSS 都可 以获得庭院侦查分数，其中击杀庭院BOSS 单次给 的分数最多，但是对比起单刷或者花钱，时间要多 很多。,2,s214-245a639a
s215,3,2.6.4 精灵之庇护的获得,287,287,不推荐、制作、精灵之庇护的获得,提到刷庭院，庇护是避不开的。不过当然版本庇护获取非常容易，价格比较低廉。,0,s215-f8a911ef
s216,3,2.6.5 庭院侦查等级奖励,287,288,庭院侦查等级奖励,一般来说推荐2、6、12 级再提交任务获得奖励。 奖励如下：,3,s216-f0ca15e3
s217,3,2.6.6 每周庭院积分排名奖励,288,290,位置、每周庭院积分排名奖励,参与奖： 查看排名及奖励方法如下： 鼠标左键①箭头指向红框位置后，鼠标左键②箭头指向红框位置，再将鼠标移动到③位置即可查看箱子内容，想查看什么级别的，就像鼠标移动到什么级别的箱子的图标上查看即可。 第一名的太初箱子会有一个成就（相当卷）。,2,s217-11895e8d
s218,2,2.7  宠物PVE装备及其培育（不推荐）,290,290,宠物、不推荐、宠物PVE装备及其培育,本节为“2.7  宠物PVE装备及其培育（不推荐）”的结构节点，正文主要分布在其子章节。,0,s218-b5102834
s219,3,2.7.1 宠物装备的获取,290,291,宠物、地图、宠物装备的获取,宠物装备可以在地图各地的马厩管理处买到，如下图： 打开箱子后，可以从近战、远程、法术装备中选一套，宠物是什么攻击类型就选什么就行。,1,s219-52c72797
s220,3,2.7.2 宠物装备的升级,291,292,宠物、位置、升级、宠物装备的升级,可以喂宠物装备的瓶子如下： 并且1 可以在领地工作台升级成2，如下： 1 和2 都可以在杂货箱中开出来，当然也可以拍卖行买。 宠物装备品质升级后，新月石头位置也会增加。,3,s220-09abe4d8
s221,3,2.7.3 宠物装备的觉醒,292,294,宠物、制作、觉醒、宠物装备的觉醒,1 阶段宠物装备喂到传说品质后就可以觉醒了，宠物装备觉醒卷轴制作方式如下： 觉醒成功后，最高可以喂到远古品质。 注意！,4,s221-15121d8c
s222,1,第三章 宗师篇,294,294,宗师、披风、制作、觉醒、特化、第三章、宗师篇,宗师篇主要介绍宗师相关各种装备的制作、喂养、觉醒和特化，包括绑定的宗师披风。,0,s222-7fdb3568
s223,2,3.1 宗师防具,294,294,宗师、防具、宗师防具,本节为“3.1 宗师防具”的结构节点，正文主要分布在其子章节。,0,s223-e4b6ea23
s224,3,3.1.1 宗师板甲制作材料一览,294,295,宗师、制作、宗师板甲制作材料一览,本节为“3.1.1 宗师板甲制作材料一览”的结构节点，正文主要分布在其子章节。,7,s224-bd38c6c5
s225,3,3.1.2 宗师板甲制作材料统计,295,296,宗师、防具、龙骨、不推荐、制作、宗师板甲制作材料统计,宗师板甲制作成本高昂不推荐直接制作，可以做皮甲或者布甲再用点券转成板甲。 如果你执意要做的话材料如下： 制作一身宗师板甲需要亚纳锭684 个、稳定的龙骨精华2985 个、烈火原木456个、庭院的神秘粉末3800 个、强酸性毒囊28 个、编制的甲胄28 个、黑色源晶精华 26600 个、铁锭60800 个、铜锭7600 个、银锭7600 个、映山红152000…,0,s225-01fabab1
s226,3,3.1.3 宗师布甲制作材料一览,296,297,宗师、制作、宗师布甲制作材料一览,本节为“3.1.3 宗师布甲制作材料一览”的结构节点，正文主要分布在其子章节。,7,s226-1dad1ad5
s227,3,3.1.4 宗师布甲制作材料统计,297,298,宗师、防具、龙骨、制作、宗师布甲制作材料统计,制作一身宗师布甲需要亚纳锭684 个、稳定的龙骨精华2985 个、烈火原木456个、庭院的神秘粉末3800 个、强酸性毒囊28 个、编制的甲胄28 个、黑色源晶精华 26600 个、布料76000 个、四叶草152000 个、玫瑰花152000 个、矢车菊22800 个、 百合花22800 个、绿色珊瑚草15200 个、迷之花12250 个、番红花12250…,0,s227-79a791f1
s228,3,3.1.5 宗师皮甲制作材料一览,298,299,宗师、制作、宗师皮甲制作材料一览,本节为“3.1.5 宗师皮甲制作材料一览”的结构节点，正文主要分布在其子章节。,7,s228-821d05fb
s229,3,3.1.6 宗师皮甲制作材料统计,299,300,宗师、防具、龙骨、制作、宗师皮甲制作材料统计,制作一身宗师皮甲需要亚纳锭684 个、稳定的龙骨精华2985 个、烈火原木456个、庭院的神秘粉末3800 个、强酸性毒囊28 个、编制的甲胄28 个、黑色源晶精华 26600 个、皮革76000 个、大米152000 个、玉米152000 个、花生22800 个、小麦 22800 个、红色珊瑚草15200 个、粟米12250 个、长脑参12250 个、椰子…,0,s229-73902491
s230,2,3.2 宗师武器,300,300,宗师、武器、宗师武器,本节为“3.2 宗师武器”的结构节点，正文主要分布在其子章节。,0,s230-d9966e27
s231,3,3.2.1 木质武器制作材料展览,300,300,宗师、武器、制作、木质武器制作材料展览,宗师木质武器不管是单双手还是什么类型材料都是一样的，所以这里只使用单手 杖来展示：,1,s231-01cd7d8e
s232,3,3.2.2 木质武器制作材料统计,300,300,武器、黑炭、龙骨、制作、木质武器制作材料统计,一把木质武器需要10 个武器强化卷轴、172 瓶武器源晶精华、1 个阳光庇护（4毒囊、4 甲胄、50 龙骨）、132 个源晶锭、153 个亚纳锭、102 根烈火原木、425 个龙骨、17000 个木材、34000 个玉米、34000 个大米、850 个庭院的神秘粉末、5100 个花生、5100 个小麦、3400 个红色珊瑚草、5985 个黑炭。,0,s232-12d14696
s233,3,3.2.3 铁质武器制作材料展览,300,301,宗师、武器、制作、铁质武器制作材料展览,宗师铁质武器不管是单双手还是什么类型材料都是一样的，所以这里只使用匕首 来展示：,1,s233-7f51bde6
s234,3,3.2.4 铁质武器制作材料统计,301,301,武器、黑炭、龙骨、制作、铁质武器制作材料统计,一把铁质武器需要10 个武器强化卷轴、172 瓶武器源晶精华、1 个阳光庇护（4毒囊、4 甲胄、50 龙骨）、132 个源晶锭、153 个亚纳锭、102 根烈火原木、425 个龙骨、13600 个铁锭、1700 个铜锭、1700 个银锭、34000 个映山红、34000 个水仙花、 850 个庭院的神秘粉末、5100 个莲花、5100 个燕麦、3400 个鹿…,0,s234-cb376f31
s235,3,3.2.5 宗师武器推荐制作方式,301,303,宗师、武器、制作、宗师武器推荐制作方式,推荐制作木质武器再用点券买转换券转成铁质武器。 上图6000 点券的神赐级别转换券即为宗师武器类型转换券。,1,s235-f99fe020
s236,3,3.2.6 宗师盾牌制作展览,303,303,宗师、制作、宗师盾牌制作展览,本节为“3.2.6 宗师盾牌制作展览”的结构节点，正文主要分布在其子章节。,1,s236-c4a1c9cc
s237,3,3.2.7 宗师盾牌制作材料统计,303,304,宗师、武器、黑炭、龙骨、制作、宗师盾牌制作材料统计,一把盾牌需要10 个武器强化卷轴、172 瓶武器源晶精华、1 个阳光庇护（4 毒囊、 4 甲胄、50 龙骨）、132 个源晶锭、153 个亚纳锭、102 根烈火原木、425 个龙骨、 17000 个木材、34000 个玉米、34000 个大米、850 个庭院的神秘粉末、5100 个花生、 5100 个小麦、3400 个红色珊瑚草、5985 个黑炭。,0,s237-f63f2544
s238,2,3.3 宗师饰品,304,304,宗师、饰品、宗师饰品,本节为“3.3 宗师饰品”的结构节点，正文主要分布在其子章节。,0,s238-47a183d8
s239,3,3.3.1 项链制作材料展览（不推荐）,304,304,不推荐、制作、项链制作材料展览,本节为“3.3.1 项链制作材料展览（不推荐）”的结构节点，正文主要分布在其子章节。,1,s239-165e30e2
s240,3,3.3.2 耳环制作材料展览,304,305,制作、耳环制作材料展览,本节为“3.3.2 耳环制作材料展览”的结构节点，正文主要分布在其子章节。,1,s240-6580c5bd
s241,3,3.3.3 戒指制作材料展览,305,305,制作、戒指制作材料展览,本节为“3.3.3 戒指制作材料展览”的结构节点，正文主要分布在其子章节。,1,s241-74d16b76
s242,3,3.3.4 二环搭配一戒指制作材料统计,305,306,饰品、龙骨、制作、二环搭配一戒指制作材料统计,饰品强化卷轴30 个、饰品源晶精华279 瓶、强酸性毒囊12 个、编制的甲胄12个、稳定的龙骨精华150 个、金锭273 个、七彩钻石117 个（即紫水晶、黄玉、蓝宝石、红宝石、祖母绿、钻石各117 个）,0,s242-8fcc68cf
s243,2,3.4 宗师乐器,306,306,宗师、乐器、宗师乐器,本节为“3.4 宗师乐器”的结构节点，正文主要分布在其子章节。,0,s243-8ee22e35
s244,3,3.4.1 宗师乐器制作材料展览,306,306,宗师、乐器、制作、宗师乐器制作材料展览,双种宗师乐器制作材料一样，故而只展示其中一个。,1,s244-fc1b202c
s245,3,3.4.2 宗师乐器制作材料统计,306,307,宗师、武器、乐器、黑炭、龙骨、制作、宗师乐器制作材料统计,一把乐器需要10 个武器强化卷轴、172 瓶武器源晶精华、1 个阳光庇护（4 毒囊、 4 甲胄、50 龙骨）、132 个源晶锭、153 个亚纳锭、102 根烈火原木、425 个龙骨、 17000 个木材、34000 个玉米、34000 个大米、850 个庭院的神秘粉末、5100 个花生、 5100 个小麦、3400 个红色珊瑚草、5985 个黑炭。,0,s245-b9fbb41c
s246,2,3.5 宗师装备制作的建议,307,307,宗师、制作、宗师装备制作的建议,本节为“3.5 宗师装备制作的建议”的结构节点，正文主要分布在其子章节。,0,s246-d8877043
s247,3,3.5.1 心理准备,307,307,宗师、防具、武器、饰品、时间、制作、觉醒、心理准备,之所以要把心理准备放到第一个来讲，是因为宗师的制作和喂养周期实在太长了， 不肝不氪不是老玩家有老底的话，做宗师简直遥遥无期（即使只需要70%经验）。 在你家族有不小的空地的情况下，猛肝一个月左右能做出一身防具的白板。,0,s247-05b0e707
s248,3,3.5.2 物质准备,307,307,种地、跑商、宗师、制作、物质准备,大量的空地——种地（看看做的材料表和喂的材料表你就明白了） 大量的跑商材料——跑金币 大量的领地币——制作宗师经验石头,0,s248-c76f8737
s249,3,3.5.3 金币准备,307,308,宗师、黑炭、龙骨、特化、金币准备,做喂宗师没有金币是万万不行的，没金币怎么跑黑炭龙骨、怎么买霞光树、怎么买别人的领地币。而且就算你打算自己种，种子也得好几万金买呢。,0,s249-9df05192
s250,4,偏肝方案,308,309,种地、跑商、委托、防具、黑炭、龙骨、时间、觉醒、偏肝方案,按一身防具四叶草玫瑰花各120 组，羊毛150 组，对应黑炭18 组，这部分成本， 种子+羊棚成本6W 金左右，200J 挂一次委托，搓50 组布料成本10W 金，挂细须委托成本36036 金。18 组黑炭按地灵货算，41 一个货要4390 包货，按一船21 个算， 需要210 船，一个货按买货26 金算，交易品成本要114146 金。,0,s250-ff1b0e7b
s251,4,偏买方案,309,310,委托、防具、黑炭、龙骨、时间、偏买方案,纯买黑炭龙骨可以大幅度减少时间，但是需要100W 金起步的花销。 找人种四叶草玫瑰花各120 组，自己种剩下的东西，大约需要30-40W 金，大批量订购不会太便宜，能多少看你讲价能力了。,0,s251-51bebf61
s252,3,3.5.4 关于巨匠双手杖,310,311,武器、饰品、关于巨匠双手杖,圣物杖和神赐杖，只要你要喂武器就避不开这两东西，不过好在多数情况下，神赐杖价格其实和同经验神赐狗粮的价格差不多。 喂饰品不需要巨匠杖做狗粮。,1,s252-3d71baa8
s253,3,3.5.5 宗师装备的觉醒、解放与精练,311,315,宗师、制作、觉醒、宗师装备的觉醒、解放与精练,觉醒卷轴和解放卷轴制作材料如下： 注意：觉醒不是100%成功，因此建议多备点材料。 精练卷轴如下： 第一个和第二个材料都是大草原刷怪掉落，刷怪掉碎片，50 个碎片合成一个大的。,7,s253-30c17c42
s254,3,3.5.6 宗师石头的制作,315,316,宗师、乐器、制作、宗师石头的制作,按下O 键，点击搜索栏，搜伊弗尼尔月影，就可以搜到宗师石头的制作材料。 我们以烈焰石头为例： 不同宗师石头需要的4 级油不同，具体可以自行在游戏里查看。,1,s254-dead43ff
s255,2,3.6 宗师装备的喂养及特化,316,316,宗师、特化、宗师装备的喂养及特化,本节为“3.6 宗师装备的喂养及特化”的结构节点，正文主要分布在其子章节。,0,s255-d6a35f16
s256,3,3.6.1 宗师经验的获取,316,316,宗师、制作、BOSS、宗师经验的获取,宗师经验主要有4 种获取方式 ①领地制作对应品质狗粮 ②分解BOSS 装备获得对应品质的经验瓶子（不同BOSS 的经验不一样） ③喂对应品质的手工装备（主要喂巨匠双手杖） ④分解黑曜石给的对应品质瓶子（留存极少）,0,s256-f88bc930
s257,3,3.6.2 宗师饰品的喂养,316,317,宗师、防具、饰品、制作、宗师饰品的喂养,宗师饰品的喂养，最高只会用到圣物石头，因此只需要准备到3 级油的材料即可。 从左图可以看出饰品系列强化剂，都是 用皮和胚芽油系列。,2,s257-f255dd70
s258,3,3.6.3 宗师防具的喂养,317,322,宗师、防具、龙骨、BOSS、宗师防具的喂养,宗师防具喂强化剂最高只会用到神赐级别。 从上图可以看出防具系列需要的是布料和细须系列，因此需要养大量的羊，种海量的四叶草和玫瑰花。,8,s258-48419095
s259,3,3.6.4 宗师武器的喂养,322,322,宗师、防具、武器、宗师武器的喂养,宗师武器喂强化剂最高只会用到神赐级别。 从上图可以看出，武器强化剂用的是最贵最麻烦的铁系列和双花系列。,1,s259-fb17031e
s260,3,3.6.5 NA各阶段宗师经验,322,323,宗师、NA、NA各阶段宗师经验,卓越：5503 完美：7806 史诗：10458 传说：13450 远古：17950不朽：24371 圣物：31650 神赐：41481 太初：108838,0,s260-8bd56a22
s261,3,3.6.6 宗师装备的特化,323,325,宗师、防具、武器、特化、宗师装备的特化,只要宗师装备达到解放级别就可以开始特化，神赐阶段武器上限为4 级，防具为 2 级。太初阶段武器上限为10 级，防具为5 级。,2,s261-88ecc9b1
s262,2,3.7 宗师披风,325,325,宗师、披风、宗师披风,本节为“3.7 宗师披风”的结构节点，正文主要分布在其子章节。,0,s262-24dafa9c
s263,3,3.7.1 什么是宗师披风,325,325,宗师、披风、升级、什么是宗师披风,宗师披风最早是用公会贡献换的，改版后在荣誉商店用荣誉换，是绑定的装备。 下图红框内的披风升级后就是宗师披风：,1,s263-8471173b
s264,3,3.7.2 宗师披风能否交易或者转移给小号角色？,325,326,宗师、披风,宗师披风是绑定的，且无任何手段转移到同账号下其他角色。,0,s264-0f34469e
s265,3,3.7.3 宗师披风的种类,326,326,宗师、披风、职业、宗师披风的种类,宗师披风根据对应的职业属性可以分为以下5 种： ①风向披风：弓手 ②骄傲披风：坦克 ③庇护披风：奶妈 ④闪光披风：刺客 ⑤安息披风：施法法师,0,s265-fabe1cd5
s266,3,3.7.4 宗师披风的觉醒,326,327,宗师、披风、势力、制作、觉醒、宗师披风的觉醒,宗师披风觉醒卷轴需要在勇士制作台制作。 勇士制作台可以在势力主城、光芒海岸、领地势力总部找到。,8,s266-b17f86cc
s267,3,3.7.5 宗师披风经验的获取,327,329,宗师、披风、熟练度、劳动力、制作、宗师披风经验的获取,宗师披风可以用在亡灵箱子开出来的披风喂、签到送的经验石头喂、刷领地给的石头喂、原大陆石盘喂。除了亡灵箱子的披风，建议喂给石盘，将石盘喂到太初0 经验再喂给披风，这样子如果跳经验的话可以省很多的肝，经验石头喂石盘跳经验概率也更高。,3,s267-7f08e4b2
s268,3,3.7.6 宗师披风的词条,329,330,宗师、披风、职业、宗师披风的词条,各个职业的披风都有一个固定的词条，只受披风阶段影响。各个职业披风还有一个二选一绿色词条，受品质和经验值影响。,1,s268-3783888f
s269,1,第四章 抗战篇,330,330,抗战、第四章、抗战篇,本节为“第四章 抗战篇”的结构节点，正文主要分布在其子章节。,0,s269-d06b8d6b
s270,2,4.1 对抗敌对势力,330,330,势力、对抗敌对势力,本节为“4.1 对抗敌对势力”的结构节点，正文主要分布在其子章节。,0,s270-3ed308d0
s271,3,4.1.1 敌对势力现状,330,330,势力、敌对势力现状,待更新。,0,s271-33efe5f9
s272,3,4.1.2 西大陆内战,330,330,势力、时间、西大陆内战,目前西大陆内战的对象是OSO、ZTZ 以及他们的小弟（统称猴子），猴子是一个活跃玩家、专业玩家、氪金玩家远多于国人的势力，所幸活动时间不是特别重叠，下午一般只有5 个猴子可以稳定出来捣乱。,0,s272-4fd9e8e7
s273,3,4.1.3 其他势力小号的养成,330,331,势力、制作、其他势力小号的养成,可以花费一些点券给小号买一个成就坐骑（是收集），如下： 这个鹿可以用O 里制作的装备，大号可以准备材料和+5%移速石头给小号，不过要55 级才能制作坐骑装备。,1,s273-b49a9913
s274,3,4.1.4 国人公会的选择,331,332,种地、日常、国人公会的选择,如果你是一个纯种地玩家不参与任何PVP 和大型活动的话，那么任意一个公会你都可以进入，甚至是你们家族的小号公会都没有任务，但是要注意，公会等级过低会导致你没有办法接到一些公会任务，比如鲸鱼的豆奶任务。 如果你想种地并参加各种类型的活动，那么建议你去绿熊、权游、美少女，但是目前西大猴子势大很难做日常。,0,s274-88a70e05
s275,3,4.15  转势力,332,333,势力、转势力,本节为“4.15  转势力”的结构节点，正文主要分布在其子章节。,0,s275-0cedaf44
s276,2,4.2 职业选择,333,333,职业、职业选择,本节为“4.2 职业选择”的结构节点，正文主要分布在其子章节。,0,s276-9c6e4f61
s277,3,4.2.1 输出,333,333,输出,国人不缺远程/法术输出，如果你想更加有团队贡献一点可以选择刺客或者战士。,0,s277-c67b9a5a
s278,3,4.2.2 坦克,333,333,宗师、职业、坦克,国人现在还是很缺坦克的，但是坦克自己刷怪刷本不是很方便，如果你不喜欢社交，不喜欢语音的话，不是很推荐的。虽然开开口就会有人愿意帮你，但是你要是比较孤狼一点的话，还是不要选坦克了，对自己的体验不好。,0,s278-94526719
s279,3,4.2.3 辅助,333,333,辅助,泛指各类带死亡幻术并且点不少PVP 加点，国人现在也很缺，充足的辅助对于一场大型团战，其意义还是非常重大的。最好再准备一些打团用道具，如圣所盾、血之花、克拉肯杖之类的。,0,s279-59c8bf8b
s280,3,4.2.4 奶妈,333,334,奶妈,不管是大奶、小奶、奶T，奶妈这东西当然是多多益善啦。 而且现在有欢乐，奶妈自己刷怪刷本速度也不差，体验比坦克好不少。,0,s280-084ab955
s281,2,4.3 对抗活动的展开,334,334,对抗活动的展开,本节为“4.3 对抗活动的展开”的结构节点，正文主要分布在其子章节。,0,s281-d81ced53
s282,3,4.3.1 沟通的重要性,334,334,沟通的重要性,不管是参与各种活动还是被邀请团队，最好都要先清楚这次是要干什么，可以打字询问，可以语音询问，只要不是打的正激动都会有人回答你的。 被邀请团队后，如果你没有空，请明说。,0,s282-3be93cff
s283,3,4.3.2 语音的重要性,334,334,时间、位置、语音的重要性,由于打字时不能打架，还有小概率卡顿闪退之类的，在一些紧急情况，打字不能很好的让其他玩家清楚你的情况，像打劫时也会延误最佳救援时间。如果你在语音， 你看到有人上船或者帝王飞过来，就可以一边在游戏里面应对，一边快速向其他玩家报告具体位置和具体情况，方便其他玩家快速判断如何救援。,0,s283-b8b8338a
s284,3,4.3.3 如何组织对抗活动,334,334,势力、如何组织对抗活动,组织活动最好是QQ 群和语音一起通知，有时候一些事情不方便被敌对的老外知道，所以游戏内打字不保险，当然如果是被敌对势力知道也无所谓的情况，公屏打字通知在线玩家不失为一个好选择。,0,s284-4e41fa7c
s285,3,4.3.4 如何参与对抗活动,334,335,如何参与对抗活动,在看到或听到相关信息后，确认情况后加入组织玩家的团队即可。有时候可能需要你私聊组织玩家，如果你不知道是谁，可以在语音和QQ 群里问。,0,s285-c6bd216c
s286,2,4.4 举报,335,335,举报,本节为“4.4 举报”的结构节点，正文主要分布在其子章节。,0,s286-17ccc39a
s287,3,4.4.1 游戏内举报,335,335,举报、游戏内举报,没用的，私服游戏内举报不会跳转传票系统，点了和没点没区别。,0,s287-96ba910d
s288,3,4.4.2传票举报,335,335,举报、4.4.2传票举报,群文件有，较为麻烦，可以参考着来,0,s288-2672d501
s289,3,4.4.3 委托举报,335,336,委托、举报、时间、委托举报,全屏截图老外的违规言论。注意：要带下面系统菜单栏和时间的。,0,s289-81fcbc9c
s290,1,后记,336,336,时间、NA、后记,本攻略从2024 年6 月12 号开始撰写，收集图片素材、视频素材、码字等花费了不少。在这里感谢家族、公会小伙伴还有女朋友对我攻略撰写的大力支持。,0,s290-5c0433bc
